;time;precipitation;precipitation_probability;weather_code;temperature_2m;relative_humidity_2m;latitude;longitude;regiao
0;2025-11-12T00:00;0.0;0;0.0;11.6;55.0;35.6848662;139.7526407;4
1;2025-11-12T01:00;0.0;0;0.0;12.7;53.0;35.6848662;139.7526407;4
2;2025-11-12T02:00;0.0;0;0.0;13.6;48.0;35.6848662;139.7526407;4
3;2025-11-12T03:00;0.0;0;0.0;14.6;43.0;35.6848662;139.7526407;4
4;2025-11-12T04:00;0.0;0;0.0;14.9;42.0;35.6848662;139.7526407;4
5;2025-11-12T05:00;0.0;0;0.0;15.2;40.0;35.6848662;139.7526407;4
6;2025-11-12T06:00;0.0;0;0.0;14.8;41.0;35.6848662;139.7526407;4
7;2025-11-12T07:00;0.0;0;0.0;14.4;43.0;35.6848662;139.7526407;4
8;2025-11-12T08:00;0.0;0;1.0;13.6;49.0;35.6848662;139.7526407;4
9;2025-11-12T09:00;0.0;0;0.0;12.9;57.0;35.6848662;139.7526407;4
10;2025-11-12T10:00;0.0;0;0.0;12.4;61.0;35.6848662;139.7526407;4
11;2025-11-12T11:00;0.0;0;2.0;12.1;66.0;35.6848662;139.7526407;4
12;2025-11-12T12:00;0.0;0;2.0;12.1;68.0;35.6848662;139.7526407;4
13;2025-11-12T13:00;0.0;0;1.0;11.9;72.0;35.6848662;139.7526407;4
14;2025-11-12T14:00;0.0;0;1.0;11.7;75.0;35.6848662;139.7526407;4
15;2025-11-12T15:00;0.0;0;1.0;10.8;76.0;35.6848662;139.7526407;4
16;2025-11-12T16:00;0.0;0;2.0;10.1;79.0;35.6848662;139.7526407;4
17;2025-11-12T17:00;0.0;0;2.0;9.9;75.0;35.6848662;139.7526407;4
18;2025-11-12T18:00;0.0;0;1.0;9.1;75.0;35.6848662;139.7526407;4
19;2025-11-12T19:00;0.0;0;2.0;8.9;76.0;35.6848662;139.7526407;4
20;2025-11-12T20:00;0.0;0;1.0;8.9;76.0;35.6848662;139.7526407;4
21;2025-11-12T21:00;0.0;0;1.0;8.8;76.0;35.6848662;139.7526407;4
22;2025-11-12T22:00;0.0;0;2.0;9.1;75.0;35.6848662;139.7526407;4
23;2025-11-12T23:00;0.0;0;1.0;10.0;70.0;35.6848662;139.7526407;4
24;2025-11-13T00:00;0.0;0;2.0;10.2;69.0;35.6848662;139.7526407;4
25;2025-11-13T01:00;0.0;0;2.0;11.3;66.0;35.6848662;139.7526407;4
26;2025-11-13T02:00;0.0;0;2.0;12.2;64.0;35.6848662;139.7526407;4
27;2025-11-13T03:00;0.0;0;2.0;12.2;64.0;35.6848662;139.7526407;4
28;2025-11-13T04:00;0.0;0;2.0;12.9;61.0;35.6848662;139.7526407;4
29;2025-11-13T05:00;0.0;0;2.0;13.6;57.0;35.6848662;139.7526407;4
30;2025-11-13T06:00;0.0;0;2.0;13.4;62.0;35.6848662;139.7526407;4
31;2025-11-13T07:00;0.0;0;2.0;13.3;63.0;35.6848662;139.7526407;4
32;2025-11-13T08:00;0.0;0;2.0;12.8;66.0;35.6848662;139.7526407;4
33;2025-11-13T09:00;0.0;0;3.0;11.9;72.0;35.6848662;139.7526407;4
34;2025-11-13T10:00;0.0;0;2.0;11.6;76.0;35.6848662;139.7526407;4
35;2025-11-13T11:00;0.0;0;2.0;11.3;80.0;35.6848662;139.7526407;4
36;2025-11-13T12:00;0.0;0;2.0;11.1;78.0;35.6848662;139.7526407;4
37;2025-11-13T13:00;0.0;0;2.0;11.1;76.0;35.6848662;139.7526407;4
38;2025-11-13T14:00;0.0;0;2.0;10.9;78.0;35.6848662;139.7526407;4
39;2025-11-13T15:00;0.0;0;1.0;10.8;76.0;35.6848662;139.7526407;4
40;2025-11-13T16:00;0.0;0;0.0;11.1;73.0;35.6848662;139.7526407;4
41;2025-11-13T17:00;0.0;0;0.0;11.2;69.0;35.6848662;139.7526407;4
42;2025-11-13T18:00;0.0;0;0.0;11.2;70.0;35.6848662;139.7526407;4
43;2025-11-13T19:00;0.0;0;0.0;11.3;66.0;35.6848662;139.7526407;4
44;2025-11-13T20:00;0.0;0;0.0;11.0;67.0;35.6848662;139.7526407;4
45;2025-11-13T21:00;0.0;0;0.0;10.4;71.0;35.6848662;139.7526407;4
46;2025-11-13T22:00;0.0;0;0.0;10.8;69.0;35.6848662;139.7526407;4
47;2025-11-13T23:00;0.0;0;0.0;12.2;64.0;35.6848662;139.7526407;4
48;2025-11-14T00:00;0.0;0;0.0;14.4;59.0;35.6848662;139.7526407;4
49;2025-11-14T01:00;0.0;0;0.0;15.9;58.0;35.6848662;139.7526407;4
50;2025-11-14T02:00;0.0;0;0.0;17.0;55.0;35.6848662;139.7526407;4
51;2025-11-14T03:00;0.0;0;0.0;18.3;49.0;35.6848662;139.7526407;4
52;2025-11-14T04:00;0.0;0;0.0;18.8;48.0;35.6848662;139.7526407;4
53;2025-11-14T05:00;0.0;0;0.0;19.0;46.0;35.6848662;139.7526407;4
54;2025-11-14T06:00;0.0;0;0.0;18.3;49.0;35.6848662;139.7526407;4
55;2025-11-14T07:00;0.0;0;1.0;17.8;51.0;35.6848662;139.7526407;4
56;2025-11-14T08:00;0.0;0;1.0;16.6;63.0;35.6848662;139.7526407;4
57;2025-11-14T09:00;0.0;10;1.0;15.4;65.0;35.6848662;139.7526407;4
58;2025-11-14T10:00;0.0;25;1.0;14.7;64.0;35.6848662;139.7526407;4
59;2025-11-14T11:00;0.0;28;1.0;13.9;56.0;35.6848662;139.7526407;4
60;2025-11-14T12:00;0.0;25;1.0;13.8;66.0;35.6848662;139.7526407;4
61;2025-11-14T13:00;0.0;25;0.0;12.9;63.0;35.6848662;139.7526407;4
62;2025-11-14T14:00;0.0;13;1.0;12.4;61.0;35.6848662;139.7526407;4
63;2025-11-14T15:00;0.0;15;1.0;12.0;63.0;35.6848662;139.7526407;4
64;2025-11-14T16:00;0.0;15;1.0;11.6;66.0;35.6848662;139.7526407;4
65;2025-11-14T17:00;0.0;8;1.0;11.4;67.0;35.6848662;139.7526407;4
66;2025-11-14T18:00;0.0;5;1.0;11.2;69.0;35.6848662;139.7526407;4
67;2025-11-14T19:00;0.0;8;1.0;10.9;69.0;35.6848662;139.7526407;4
68;2025-11-14T20:00;0.0;8;1.0;10.7;69.0;35.6848662;139.7526407;4
69;2025-11-14T21:00;0.0;3;1.0;10.9;69.0;35.6848662;139.7526407;4
70;2025-11-14T22:00;0.0;3;1.0;11.0;68.0;35.6848662;139.7526407;4
71;2025-11-14T23:00;0.0;0;1.0;11.9;64.0;35.6848662;139.7526407;4
72;2025-11-15T00:00;0.0;0;1.0;13.3;61.0;35.6848662;139.7526407;4
73;2025-11-15T01:00;0.0;0;0.0;14.4;58.0;35.6848662;139.7526407;4
74;2025-11-15T02:00;0.0;0;0.0;15.1;56.0;35.6848662;139.7526407;4
75;2025-11-15T03:00;0.0;0;0.0;16.1;53.0;35.6848662;139.7526407;4
76;2025-11-15T04:00;0.0;0;0.0;16.6;51.0;35.6848662;139.7526407;4
77;2025-11-15T05:00;0.0;0;0.0;16.9;47.0;35.6848662;139.7526407;4
78;2025-11-15T06:00;0.0;0;0.0;16.9;45.0;35.6848662;139.7526407;4
79;2025-11-15T07:00;0.0;0;0.0;16.5;46.0;35.6848662;139.7526407;4
80;2025-11-15T08:00;0.0;0;0.0;15.2;60.0;35.6848662;139.7526407;4
81;2025-11-15T09:00;0.0;0;0.0;14.3;57.0;35.6848662;139.7526407;4
82;2025-11-15T10:00;0.0;0;0.0;13.2;69.0;35.6848662;139.7526407;4
83;2025-11-15T11:00;0.0;0;0.0;12.6;72.0;35.6848662;139.7526407;4
84;2025-11-15T12:00;0.0;0;0.0;12.4;73.0;35.6848662;139.7526407;4
85;2025-11-15T13:00;0.0;0;0.0;11.8;76.0;35.6848662;139.7526407;4
86;2025-11-15T14:00;0.0;0;0.0;11.4;76.0;35.6848662;139.7526407;4
87;2025-11-15T15:00;0.0;3;0.0;10.8;77.0;35.6848662;139.7526407;4
88;2025-11-15T16:00;0.0;8;1.0;10.4;78.0;35.6848662;139.7526407;4
89;2025-11-15T17:00;0.0;5;1.0;10.1;79.0;35.6848662;139.7526407;4
90;2025-11-15T18:00;0.0;5;0.0;9.6;80.0;35.6848662;139.7526407;4
91;2025-11-15T19:00;0.0;8;0.0;9.4;80.0;35.6848662;139.7526407;4
92;2025-11-15T20:00;0.0;5;0.0;9.1;81.0;35.6848662;139.7526407;4
93;2025-11-15T21:00;0.0;5;0.0;8.9;78.0;35.6848662;139.7526407;4
94;2025-11-15T22:00;0.0;3;0.0;9.0;76.0;35.6848662;139.7526407;4
95;2025-11-15T23:00;0.0;0;0.0;10.0;72.0;35.6848662;139.7526407;4
96;2025-11-16T00:00;0.0;0;0.0;11.6;67.0;35.6848662;139.7526407;4
97;2025-11-16T01:00;0.0;0;0.0;13.2;63.0;35.6848662;139.7526407;4
98;2025-11-16T02:00;0.0;0;0.0;14.6;59.0;35.6848662;139.7526407;4
99;2025-11-16T03:00;0.0;0;0.0;16.1;55.0;35.6848662;139.7526407;4
100;2025-11-16T04:00;0.0;0;0.0;16.9;53.0;35.6848662;139.7526407;4
101;2025-11-16T05:00;0.0;0;0.0;17.2;54.0;35.6848662;139.7526407;4
102;2025-11-16T06:00;0.0;0;1.0;17.0;56.0;35.6848662;139.7526407;4
103;2025-11-16T07:00;0.0;0;1.0;16.5;60.0;35.6848662;139.7526407;4
104;2025-11-16T08:00;0.0;0;1.0;15.8;65.0;35.6848662;139.7526407;4
105;2025-11-16T09:00;0.0;0;1.0;14.9;67.0;35.6848662;139.7526407;4
106;2025-11-16T10:00;0.0;0;1.0;14.3;72.0;35.6848662;139.7526407;4
107;2025-11-16T11:00;0.0;0;1.0;13.9;74.0;35.6848662;139.7526407;4
108;2025-11-16T12:00;0.0;0;1.0;13.4;72.0;35.6848662;139.7526407;4
109;2025-11-16T13:00;0.0;0;1.0;12.9;75.0;35.6848662;139.7526407;4
110;2025-11-16T14:00;0.0;0;1.0;12.4;77.0;35.6848662;139.7526407;4
111;2025-11-16T15:00;0.0;0;1.0;12.1;79.0;35.6848662;139.7526407;4
112;2025-11-16T16:00;0.0;0;1.0;11.7;82.0;35.6848662;139.7526407;4
113;2025-11-16T17:00;0.0;0;1.0;11.2;84.0;35.6848662;139.7526407;4
114;2025-11-16T18:00;0.0;0;0.0;10.9;84.0;35.6848662;139.7526407;4
115;2025-11-16T19:00;0.0;0;0.0;10.6;86.0;35.6848662;139.7526407;4
116;2025-11-16T20:00;0.0;0;0.0;10.2;87.0;35.6848662;139.7526407;4
117;2025-11-16T21:00;0.0;0;0.0;10.2;84.0;35.6848662;139.7526407;4
118;2025-11-16T22:00;0.0;0;0.0;10.1;86.0;35.6848662;139.7526407;4
119;2025-11-16T23:00;0.0;0;0.0;11.4;79.0;35.6848662;139.7526407;4
120;2025-11-17T00:00;0.0;0;0.0;13.6;72.0;35.6848662;139.7526407;4
121;2025-11-17T01:00;0.0;0;0.0;16.6;64.0;35.6848662;139.7526407;4
122;2025-11-17T02:00;0.0;0;0.0;19.3;50.0;35.6848662;139.7526407;4
123;2025-11-17T03:00;0.0;0;0.0;20.1;51.0;35.6848662;139.7526407;4
124;2025-11-17T04:00;0.0;0;0.0;20.8;50.0;35.6848662;139.7526407;4
125;2025-11-17T05:00;0.0;0;0.0;21.0;49.0;35.6848662;139.7526407;4
126;2025-11-17T06:00;0.0;0;0.0;20.6;48.0;35.6848662;139.7526407;4
127;2025-11-17T07:00;0.0;0;0.0;19.5;53.0;35.6848662;139.7526407;4
128;2025-11-17T08:00;0.0;0;0.0;17.9;60.0;35.6848662;139.7526407;4
129;2025-11-17T09:00;0.0;0;0.0;17.0;58.0;35.6848662;139.7526407;4
130;2025-11-17T10:00;0.0;0;0.0;15.7;65.0;35.6848662;139.7526407;4
131;2025-11-17T11:00;0.0;0;0.0;15.4;57.0;35.6848662;139.7526407;4
132;2025-11-17T12:00;0.0;0;1.0;14.1;67.0;35.6848662;139.7526407;4
133;2025-11-17T13:00;0.0;0;2.0;13.5;67.0;35.6848662;139.7526407;4
134;2025-11-17T14:00;0.0;0;2.0;13.4;67.0;35.6848662;139.7526407;4
135;2025-11-17T15:00;0.0;0;2.0;13.6;61.0;35.6848662;139.7526407;4
136;2025-11-17T16:00;0.0;0;2.0;12.7;63.0;35.6848662;139.7526407;4
137;2025-11-17T17:00;0.0;0;1.0;12.3;62.0;35.6848662;139.7526407;4
138;2025-11-17T18:00;0.0;0;0.0;11.6;68.0;35.6848662;139.7526407;4
139;2025-11-17T19:00;0.0;0;1.0;11.4;69.0;35.6848662;139.7526407;4
140;2025-11-17T20:00;0.0;0;1.0;11.4;63.0;35.6848662;139.7526407;4
141;2025-11-17T21:00;0.0;3;1.0;11.4;64.0;35.6848662;139.7526407;4
142;2025-11-17T22:00;0.0;3;1.0;10.9;64.0;35.6848662;139.7526407;4
143;2025-11-17T23:00;0.0;0;1.0;11.4;59.0;35.6848662;139.7526407;4
144;2025-11-18T00:00;0.0;3;1.0;12.4;57.0;35.6848662;139.7526407;4
145;2025-11-18T01:00;0.0;0;0.0;12.9;50.0;35.6848662;139.7526407;4
146;2025-11-18T02:00;0.0;0;0.0;13.3;48.0;35.6848662;139.7526407;4
147;2025-11-18T03:00;0.0;5;1.0;13.6;45.0;35.6848662;139.7526407;4
148;2025-11-18T04:00;0.0;10;2.0;14.1;43.0;35.6848662;139.7526407;4
149;2025-11-18T05:00;0.0;43;1.0;14.2;42.0;35.6848662;139.7526407;4
150;2025-11-18T06:00;0.0;50;2.0;14.3;41.0;35.6848662;139.7526407;4
151;2025-11-18T07:00;0.0;50;1.0;13.6;43.0;35.6848662;139.7526407;4
152;2025-11-18T08:00;0.0;30;2.0;12.4;46.0;35.6848662;139.7526407;4
153;2025-11-18T09:00;0.0;15;1.0;12.1;44.0;35.6848662;139.7526407;4
154;2025-11-18T10:00;0.0;5;1.0;11.2;47.0;35.6848662;139.7526407;4
155;2025-11-18T11:00;0.0;3;1.0;10.1;50.0;35.6848662;139.7526407;4
156;2025-11-18T12:00;0.0;0;0.0;9.6;55.0;35.6848662;139.7526407;4
157;2025-11-18T13:00;0.0;0;0.0;8.8;56.0;35.6848662;139.7526407;4
158;2025-11-18T14:00;0.0;0;0.0;8.3;57.0;35.6848662;139.7526407;4
159;2025-11-18T15:00;0.0;0;1.0;8.1;57.0;35.6848662;139.7526407;4
160;2025-11-18T16:00;0.0;0;0.0;7.8;59.0;35.6848662;139.7526407;4
161;2025-11-18T17:00;0.0;0;0.0;7.3;58.0;35.6848662;139.7526407;4
162;2025-11-18T18:00;0.0;0;0.0;7.2;59.0;35.6848662;139.7526407;4
163;2025-11-18T19:00;0.0;0;0.0;6.8;60.0;35.6848662;139.7526407;4
164;2025-11-18T20:00;0.0;0;0.0;6.3;66.0;35.6848662;139.7526407;4
165;2025-11-18T21:00;0.0;0;0.0;6.3;62.0;35.6848662;139.7526407;4
166;2025-11-18T22:00;0.0;0;0.0;6.2;61.0;35.6848662;139.7526407;4
167;2025-11-18T23:00;0.0;0;0.0;7.1;55.0;35.6848662;139.7526407;4
168;2025-11-19T00:00;0.0;0;0.0;8.3;53.0;35.6848662;139.7526407;4
169;2025-11-19T01:00;0.0;0;0.0;9.4;53.0;35.6848662;139.7526407;4
170;2025-11-19T02:00;0.0;0;0.0;10.4;50.0;35.6848662;139.7526407;4
171;2025-11-19T03:00;0.0;0;0.0;11.4;46.0;35.6848662;139.7526407;4
172;2025-11-19T04:00;0.0;0;0.0;12.0;43.0;35.6848662;139.7526407;4
173;2025-11-19T05:00;0.0;0;0.0;12.4;40.0;35.6848662;139.7526407;4
174;2025-11-19T06:00;0.0;0;0.0;12.4;39.0;35.6848662;139.7526407;4
175;2025-11-19T07:00;0.0;0;0.0;12.1;39.0;35.6848662;139.7526407;4
176;2025-11-19T08:00;0.0;0;0.0;11.1;50.0;35.6848662;139.7526407;4
177;2025-11-19T09:00;0.0;0;0.0;10.4;53.0;35.6848662;139.7526407;4
178;2025-11-19T10:00;0.0;0;0.0;9.8;58.0;35.6848662;139.7526407;4
179;2025-11-19T11:00;0.0;0;1.0;9.4;64.0;35.6848662;139.7526407;4
180;2025-11-19T12:00;0.0;0;1.0;9.2;62.0;35.6848662;139.7526407;4
181;2025-11-19T13:00;0.0;0;0.0;8.6;58.0;35.6848662;139.7526407;4
182;2025-11-19T14:00;0.0;0;0.0;8.1;58.0;35.6848662;139.7526407;4
183;2025-11-19T15:00;0.0;0;1.0;7.4;60.0;35.6848662;139.7526407;4
184;2025-11-19T16:00;0.0;0;1.0;7.1;61.0;35.6848662;139.7526407;4
185;2025-11-19T17:00;0.0;0;1.0;6.8;62.0;35.6848662;139.7526407;4
186;2025-11-19T18:00;0.0;0;1.0;6.6;65.0;35.6848662;139.7526407;4
187;2025-11-19T19:00;0.0;5;2.0;6.3;67.0;35.6848662;139.7526407;4
188;2025-11-19T20:00;0.0;10;3.0;6.2;68.0;35.6848662;139.7526407;4
189;2025-11-19T21:00;0.0;10;2.0;6.3;66.0;35.6848662;139.7526407;4
190;2025-11-19T22:00;0.0;10;1.0;6.4;64.0;35.6848662;139.7526407;4
191;2025-11-19T23:00;0.0;5;1.0;6.9;61.0;35.6848662;139.7526407;4
192;2025-11-20T00:00;0.0;5;1.0;7.9;58.0;35.6848662;139.7526407;4
193;2025-11-20T01:00;0.0;3;1.0;9.1;54.0;35.6848662;139.7526407;4
194;2025-11-20T02:00;0.0;5;1.0;10.5;52.0;35.6848662;139.7526407;4
195;2025-11-20T03:00;0.0;8;0.0;11.8;50.0;35.6848662;139.7526407;4
196;2025-11-20T04:00;0.0;0;0.0;12.8;49.0;35.6848662;139.7526407;4
197;2025-11-20T05:00;0.0;0;0.0;13.2;49.0;35.6848662;139.7526407;4
198;2025-11-20T06:00;0.0;0;0.0;13.3;50.0;35.6848662;139.7526407;4
199;2025-11-20T07:00;0.0;0;0.0;12.9;53.0;35.6848662;139.7526407;4
200;2025-11-20T08:00;0.0;0;0.0;11.9;60.0;35.6848662;139.7526407;4
201;2025-11-20T09:00;0.0;0;0.0;11.1;69.0;35.6848662;139.7526407;4
202;2025-11-20T10:00;0.0;0;0.0;10.8;72.0;35.6848662;139.7526407;4
203;2025-11-20T11:00;0.0;0;0.0;10.6;71.0;35.6848662;139.7526407;4
204;2025-11-20T12:00;0.0;0;0.0;10.2;71.0;35.6848662;139.7526407;4
205;2025-11-20T13:00;0.0;0;0.0;9.8;74.0;35.6848662;139.7526407;4
206;2025-11-20T14:00;0.0;0;0.0;8.9;71.0;35.6848662;139.7526407;4
207;2025-11-20T15:00;0.0;0;0.0;8.1;72.0;35.6848662;139.7526407;4
208;2025-11-20T16:00;0.0;0;0.0;7.7;73.0;35.6848662;139.7526407;4
209;2025-11-20T17:00;0.0;0;0.0;7.2;74.0;35.6848662;139.7526407;4
210;2025-11-20T18:00;0.0;0;0.0;6.8;77.0;35.6848662;139.7526407;4
211;2025-11-20T19:00;0.0;0;0.0;6.6;76.0;35.6848662;139.7526407;4
212;2025-11-20T20:00;0.0;0;0.0;6.4;77.0;35.6848662;139.7526407;4
213;2025-11-20T21:00;0.0;0;0.0;6.3;75.0;35.6848662;139.7526407;4
214;2025-11-20T22:00;0.0;0;0.0;6.4;72.0;35.6848662;139.7526407;4
215;2025-11-20T23:00;0.0;0;0.0;7.8;66.0;35.6848662;139.7526407;4
216;2025-11-21T00:00;0.0;0;0.0;10.2;57.0;35.6848662;139.7526407;4
217;2025-11-21T01:00;0.0;0;0.0;12.4;50.0;35.6848662;139.7526407;4
218;2025-11-21T02:00;0.0;0;0.0;14.0;47.0;35.6848662;139.7526407;4
219;2025-11-21T03:00;0.0;0;0.0;15.0;47.0;35.6848662;139.7526407;4
220;2025-11-21T04:00;0.0;0;0.0;15.4;52.0;35.6848662;139.7526407;4
221;2025-11-21T05:00;0.0;0;0.0;15.6;55.0;35.6848662;139.7526407;4
222;2025-11-21T06:00;0.0;0;0.0;15.8;55.0;35.6848662;139.7526407;4
223;2025-11-21T07:00;0.0;0;0.0;15.3;59.0;35.6848662;139.7526407;4
224;2025-11-21T08:00;0.0;0;0.0;13.9;72.0;35.6848662;139.7526407;4
225;2025-11-21T09:00;0.0;0;0.0;13.2;73.0;35.6848662;139.7526407;4
226;2025-11-21T10:00;0.0;0;0.0;12.8;70.0;35.6848662;139.7526407;4
227;2025-11-21T11:00;0.0;0;0.0;11.9;73.0;35.6848662;139.7526407;4
228;2025-11-21T12:00;0.0;0;0.0;11.4;69.0;35.6848662;139.7526407;4
229;2025-11-21T13:00;0.0;0;0.0;11.1;65.0;35.6848662;139.7526407;4
230;2025-11-21T14:00;0.0;0;0.0;10.9;67.0;35.6848662;139.7526407;4
231;2025-11-21T15:00;0.0;0;0.0;11.1;67.0;35.6848662;139.7526407;4
232;2025-11-21T16:00;0.0;0;0.0;10.9;65.0;35.6848662;139.7526407;4
233;2025-11-21T17:00;0.0;0;0.0;10.7;63.0;35.6848662;139.7526407;4
234;2025-11-21T18:00;0.0;0;0.0;10.3;62.0;35.6848662;139.7526407;4
235;2025-11-21T19:00;0.0;0;0.0;8.3;64.0;35.6848662;139.7526407;4
236;2025-11-21T20:00;0.0;0;0.0;8.8;59.0;35.6848662;139.7526407;4
237;2025-11-21T21:00;0.0;0;0.0;9.0;56.0;35.6848662;139.7526407;4
238;2025-11-21T22:00;0.0;0;0.0;9.2;54.0;35.6848662;139.7526407;4
239;2025-11-21T23:00;0.0;0;0.0;10.3;51.0;35.6848662;139.7526407;4
240;2025-11-22T00:00;0.0;0;0.0;12.0;47.0;35.6848662;139.7526407;4
241;2025-11-22T01:00;0.0;0;0.0;13.3;43.0;35.6848662;139.7526407;4
242;2025-11-22T02:00;0.0;0;0.0;14.7;40.0;35.6848662;139.7526407;4
243;2025-11-22T03:00;0.0;0;0.0;15.7;37.0;35.6848662;139.7526407;4
244;2025-11-22T04:00;0.0;0;0.0;16.2;35.0;35.6848662;139.7526407;4
245;2025-11-22T05:00;0.0;0;0.0;16.4;35.0;35.6848662;139.7526407;4
246;2025-11-22T06:00;0.0;0;0.0;16.2;36.0;35.6848662;139.7526407;4
247;2025-11-22T07:00;0.0;0;2.0;15.4;40.0;35.6848662;139.7526407;4
248;2025-11-22T08:00;0.0;0;2.0;14.1;46.0;35.6848662;139.7526407;4
249;2025-11-22T09:00;0.0;0;2.0;13.1;52.0;35.6848662;139.7526407;4
250;2025-11-22T10:00;0.0;0;2.0;12.6;58.0;35.6848662;139.7526407;4
251;2025-11-22T11:00;0.0;0;2.0;12.2;63.0;35.6848662;139.7526407;4
252;2025-11-22T12:00;0.0;0;2.0;11.9;68.0;35.6848662;139.7526407;4
253;2025-11-22T13:00;0.0;0;1.0;11.6;71.0;35.6848662;139.7526407;4
254;2025-11-22T14:00;0.0;0;1.0;11.4;73.0;35.6848662;139.7526407;4
255;2025-11-22T15:00;0.0;0;1.0;11.1;75.0;35.6848662;139.7526407;4
256;2025-11-22T16:00;0.0;0;2.0;10.6;78.0;35.6848662;139.7526407;4
257;2025-11-22T17:00;0.0;0;2.0;9.9;82.0;35.6848662;139.7526407;4
258;2025-11-22T18:00;0.0;0;2.0;9.3;83.0;35.6848662;139.7526407;4
259;2025-11-22T19:00;0.0;0;2.0;8.8;80.0;35.6848662;139.7526407;4
260;2025-11-22T20:00;0.0;1;2.0;8.4;74.0;35.6848662;139.7526407;4
261;2025-11-22T21:00;0.0;2;2.0;8.4;69.0;35.6848662;139.7526407;4
262;2025-11-22T22:00;0.0;2;2.0;8.9;64.0;35.6848662;139.7526407;4
263;2025-11-22T23:00;0.0;3;2.0;9.9;59.0;35.6848662;139.7526407;4
264;2025-11-23T00:00;0.0;3;2.0;11.1;55.0;35.6848662;139.7526407;4
265;2025-11-23T01:00;0.0;3;2.0;12.7;52.0;35.6848662;139.7526407;4
266;2025-11-23T02:00;0.0;3;2.0;14.5;49.0;35.6848662;139.7526407;4
267;2025-11-23T03:00;0.0;3;2.0;15.9;49.0;35.6848662;139.7526407;4
268;2025-11-23T04:00;0.0;3;3.0;16.4;51.0;35.6848662;139.7526407;4
269;2025-11-23T05:00;0.0;3;3.0;16.6;56.0;35.6848662;139.7526407;4
270;2025-11-23T06:00;0.0;3;3.0;16.5;61.0;35.6848662;139.7526407;4
271;2025-11-23T07:00;0.0;0;3.0;16.2;67.0;35.6848662;139.7526407;4
272;2025-11-23T08:00;0.0;0;3.0;15.8;73.0;35.6848662;139.7526407;4
273;2025-11-23T09:00;0.0;0;3.0;15.4;78.0;35.6848662;139.7526407;4
274;2025-11-23T10:00;0.0;0;3.0;15.3;80.0;35.6848662;139.7526407;4
275;2025-11-23T11:00;0.0;0;3.0;15.2;82.0;35.6848662;139.7526407;4
276;2025-11-23T12:00;0.0;0;3.0;15.1;83.0;35.6848662;139.7526407;4
277;2025-11-23T13:00;1.0;1;80.0;14.7;86.0;35.6848662;139.7526407;4
278;2025-11-23T14:00;1.0;3;80.0;14.3;89.0;35.6848662;139.7526407;4
279;2025-11-23T15:00;1.0;5;80.0;13.7;91.0;35.6848662;139.7526407;4
280;2025-11-23T16:00;2.0;7;61.0;12.8;91.0;35.6848662;139.7526407;4
281;2025-11-23T17:00;2.0;10;61.0;11.8;91.0;35.6848662;139.7526407;4
282;2025-11-23T18:00;2.0;12;61.0;11.0;90.0;35.6848662;139.7526407;4
283;2025-11-23T19:00;0.0;15;0.0;10.3;80.0;35.6848662;139.7526407;4
284;2025-11-23T20:00;0.0;17;0.0;9.5;83.0;35.6848662;139.7526407;4
285;2025-11-23T21:00;0.0;20;0.0;9.2;84.0;35.6848662;139.7526407;4
286;2025-11-23T22:00;0.0;21;0.0;9.9;82.0;35.6848662;139.7526407;4
287;2025-11-23T23:00;0.0;22;0.0;11.2;79.0;35.6848662;139.7526407;4
288;2025-11-24T00:00;0.0;23;0.0;12.7;74.0;35.6848662;139.7526407;4
289;2025-11-24T01:00;0.0;23;0.0;14.5;65.0;35.6848662;139.7526407;4
290;2025-11-24T02:00;0.0;22;0.0;16.6;55.0;35.6848662;139.7526407;4
291;2025-11-24T03:00;0.0;21;0.0;18.1;47.0;35.6848662;139.7526407;4
292;2025-11-24T04:00;0.0;19;0.0;19.0;42.0;35.6848662;139.7526407;4
293;2025-11-24T05:00;0.0;18;0.0;19.4;40.0;35.6848662;139.7526407;4
294;2025-11-24T06:00;0.0;16;0.0;19.2;41.0;35.6848662;139.7526407;4
295;2025-11-24T07:00;0.0;13;0.0;18.1;48.0;35.6848662;139.7526407;4
296;2025-11-24T08:00;0.0;11;0.0;16.4;58.0;35.6848662;139.7526407;4
297;2025-11-24T09:00;0.0;9;0.0;15.0;66.0;35.6848662;139.7526407;4
298;2025-11-24T10:00;0.0;8;0.0;14.4;69.0;35.6848662;139.7526407;4
299;2025-11-24T11:00;0.0;6;0.0;14.0;69.0;35.6848662;139.7526407;4
300;2025-11-24T12:00;0.0;5;0.0;13.6;69.0;35.6848662;139.7526407;4
301;2025-11-24T13:00;0.0;4;0.0;13.2;70.0;35.6848662;139.7526407;4
302;2025-11-24T14:00;0.0;4;0.0;12.7;72.0;35.6848662;139.7526407;4
303;2025-11-24T15:00;0.0;3;0.0;12.1;74.0;35.6848662;139.7526407;4
304;2025-11-24T16:00;0.0;3;0.0;11.0;79.0;35.6848662;139.7526407;4
305;2025-11-24T17:00;0.0;3;0.0;9.7;85.0;35.6848662;139.7526407;4
306;2025-11-24T18:00;0.0;3;0.0;8.6;89.0;35.6848662;139.7526407;4
307;2025-11-24T19:00;0.0;3;1.0;8.0;92.0;35.6848662;139.7526407;4
308;2025-11-24T20:00;0.0;3;1.0;7.6;93.0;35.6848662;139.7526407;4
309;2025-11-24T21:00;0.0;3;1.0;7.7;92.0;35.6848662;139.7526407;4
310;2025-11-24T22:00;0.0;3;0.0;8.6;86.0;35.6848662;139.7526407;4
311;2025-11-24T23:00;0.0;3;0.0;10.0;78.0;35.6848662;139.7526407;4
312;2025-11-25T00:00;0.0;3;0.0;11.6;70.0;35.6848662;139.7526407;4
313;2025-11-25T01:00;0.0;3;3.0;13.7;65.0;35.6848662;139.7526407;4
314;2025-11-25T02:00;0.0;3;3.0;16.0;60.0;35.6848662;139.7526407;4
315;2025-11-25T03:00;0.0;3;3.0;17.6;57.0;35.6848662;139.7526407;4
316;2025-11-25T04:00;0.0;3;3.0;18.0;55.0;35.6848662;139.7526407;4
317;2025-11-25T05:00;0.0;4;3.0;17.7;54.0;35.6848662;139.7526407;4
318;2025-11-25T06:00;0.0;4;3.0;17.2;56.0;35.6848662;139.7526407;4
319;2025-11-25T07:00;0.0;4;1.0;16.7;61.0;35.6848662;139.7526407;4
320;2025-11-25T08:00;0.0;4;1.0;16.1;68.0;35.6848662;139.7526407;4
321;2025-11-25T09:00;0.0;5;1.0;15.4;74.0;35.6848662;139.7526407;4
322;2025-11-25T10:00;0.0;5;0.0;14.8;79.0;35.6848662;139.7526407;4
323;2025-11-25T11:00;0.0;5;0.0;14.2;83.0;35.6848662;139.7526407;4
324;2025-11-25T12:00;0.0;5;0.0;13.6;84.0;35.6848662;139.7526407;4
325;2025-11-25T13:00;0.1;5;3.0;13.0;79.0;35.6848662;139.7526407;4
326;2025-11-25T14:00;0.1;5;3.0;12.5;72.0;35.6848662;139.7526407;4
327;2025-11-25T15:00;0.1;5;3.0;12.0;66.0;35.6848662;139.7526407;4
328;2025-11-25T16:00;0.0;5;0.0;11.5;65.0;35.6848662;139.7526407;4
329;2025-11-25T17:00;0.0;5;0.0;10.9;65.0;35.6848662;139.7526407;4
330;2025-11-25T18:00;0.0;5;0.0;10.3;66.0;35.6848662;139.7526407;4
331;2025-11-25T19:00;0.0;5;0.0;9.5;66.0;35.6848662;139.7526407;4
332;2025-11-25T20:00;0.0;5;0.0;8.6;66.0;35.6848662;139.7526407;4
333;2025-11-25T21:00;0.0;5;0.0;8.4;64.0;35.6848662;139.7526407;4
334;2025-11-25T22:00;0.0;5;0.0;9.4;57.0;35.6848662;139.7526407;4
335;2025-11-25T23:00;0.0;5;0.0;11.1;47.0;35.6848662;139.7526407;4
336;2025-11-26T00:00;0.0;5;0.0;12.3;40.0;35.6848662;139.7526407;4
337;2025-11-26T01:00;0.0;1;1.0;11.8;36.0;35.6848662;139.7526407;4
338;2025-11-26T02:00;0.0;2;1.0;12.6;34.0;35.6848662;139.7526407;4
339;2025-11-26T03:00;0.0;3;1.0;13.2;33.0;35.6848662;139.7526407;4
340;2025-11-26T04:00;0.0;2;1.0;13.5;33.0;35.6848662;139.7526407;4
341;2025-11-26T05:00;0.0;1;0.0;13.6;33.0;35.6848662;139.7526407;4
342;2025-11-26T06:00;0.0;0;0.0;13.7;36.0;35.6848662;139.7526407;4
343;2025-11-26T07:00;0.0;1;0.0;13.8;42.0;35.6848662;139.7526407;4
344;2025-11-26T08:00;0.0;2;0.0;13.8;50.0;35.6848662;139.7526407;4
345;2025-11-26T09:00;0.0;3;0.0;13.8;56.0;35.6848662;139.7526407;4
346;2025-11-26T10:00;0.0;3;1.0;13.8;59.0;35.6848662;139.7526407;4
347;2025-11-26T11:00;0.0;3;1.0;13.7;60.0;35.6848662;139.7526407;4
348;2025-11-26T12:00;0.0;3;2.0;13.6;61.0;35.6848662;139.7526407;4
349;2025-11-26T13:00;0.0;2;2.0;13.5;64.0;35.6848662;139.7526407;4
350;2025-11-26T14:00;0.0;1;3.0;13.3;67.0;35.6848662;139.7526407;4
351;2025-11-26T15:00;0.0;0;3.0;13.1;69.0;35.6848662;139.7526407;4
352;2025-11-26T16:00;0.0;0;2.0;13.0;70.0;35.6848662;139.7526407;4
353;2025-11-26T17:00;0.0;0;2.0;12.9;69.0;35.6848662;139.7526407;4
354;2025-11-26T18:00;0.0;0;1.0;12.7;67.0;35.6848662;139.7526407;4
355;2025-11-26T19:00;0.0;0;0.0;12.2;61.0;35.6848662;139.7526407;4
356;2025-11-26T20:00;0.0;0;0.0;11.7;54.0;35.6848662;139.7526407;4
357;2025-11-26T21:00;0.0;0;0.0;11.4;48.0;35.6848662;139.7526407;4
358;2025-11-26T22:00;0.0;0;0.0;11.4;46.0;35.6848662;139.7526407;4
359;2025-11-26T23:00;0.0;0;0.0;11.8;47.0;35.6848662;139.7526407;4
360;2025-11-27T00:00;0.0;0;0.0;12.4;47.0;35.6848662;139.7526407;4
361;2025-11-27T01:00;0.0;1;0.0;13.4;46.0;35.6848662;139.7526407;4
362;2025-11-27T02:00;0.0;2;1.0;14.8;44.0;35.6848662;139.7526407;4
363;2025-11-27T03:00;0.0;3;1.0;15.9;43.0;35.6848662;139.7526407;4
364;2025-11-27T04:00;0.0;4;1.0;16.5;43.0;35.6848662;139.7526407;4
365;2025-11-27T05:00;0.0;5;1.0;16.9;43.0;35.6848662;139.7526407;4
366;2025-11-27T06:00;0.0;6;1.0;17.1;44.0;35.6848662;139.7526407;4
367;2025-11-27T07:00;0.0;7;1.0;16.9;45.0;35.6848662;139.7526407;4
368;2025-11-27T08:00;0.0;9;0.0;16.6;47.0;35.6848662;139.7526407;4
369;2025-11-27T09:00;0.0;10;0.0;16.2;49.0;35.6848662;139.7526407;4
370;2025-11-27T10:00;0.0;11;0.0;15.8;51.0;35.6848662;139.7526407;4
371;2025-11-27T11:00;0.0;11;0.0;15.3;52.0;35.6848662;139.7526407;4
372;2025-11-27T12:00;0.0;10;0.0;14.8;52.0;35.6848662;139.7526407;4
373;2025-11-27T13:00;0.0;7;0.0;14.4;49.0;35.6848662;139.7526407;4
374;2025-11-27T14:00;0.0;3;0.0;13.9;44.0;35.6848662;139.7526407;4
375;2025-11-27T15:00;0.0;0;0.0;13.4;41.0;35.6848662;139.7526407;4
376;2025-11-27T16:00;0.0;0;0.0;13.0;40.0;35.6848662;139.7526407;4
377;2025-11-27T17:00;0.0;0;0.0;12.6;41.0;35.6848662;139.7526407;4
378;2025-11-27T18:00;0.0;0;0.0;12.3;42.0;35.6848662;139.7526407;4
379;2025-11-27T19:00;0.0;0;0.0;11.9;43.0;35.6848662;139.7526407;4
380;2025-11-27T20:00;0.0;0;0.0;11.7;44.0;35.6848662;139.7526407;4
381;2025-11-27T21:00;0.0;0;0.0;11.7;43.0;35.6848662;139.7526407;4
382;2025-11-27T22:00;0.0;0;0.0;12.2;40.0;35.6848662;139.7526407;4
383;2025-11-27T23:00;0.0;0;0.0;13.0;35.0;35.6848662;139.7526407;4
384;2025-11-28T00:00;0.0;0;0.0;13.9;31.0;35.6848662;139.7526407;4
385;2025-11-28T01:00;0.0;0;0.0;14.9;29.0;35.6848662;139.7526407;4
386;2025-11-28T02:00;0.0;0;0.0;16.0;28.0;35.6848662;139.7526407;4
387;2025-11-28T03:00;0.0;0;0.0;17.0;28.0;35.6848662;139.7526407;4
388;2025-11-28T04:00;0.0;0;0.0;17.9;30.0;35.6848662;139.7526407;4
389;2025-11-28T05:00;0.0;0;0.0;18.6;33.0;35.6848662;139.7526407;4
390;2025-11-28T06:00;0.0;0;0.0;18.8;36.0;35.6848662;139.7526407;4
391;2025-11-28T07:00;0.0;0;0.0;17.9;38.0;35.6848662;139.7526407;4
392;2025-11-28T08:00;0.0;0;0.0;16.4;40.0;35.6848662;139.7526407;4
393;2025-11-28T09:00;0.0;0;0.0;15.1;41.0;35.6848662;139.7526407;4
394;2025-11-28T10:00;0.0;0;0.0;14.2;42.0;35.6848662;139.7526407;4
395;2025-11-28T11:00;0.0;0;0.0;13.4;43.0;35.6848662;139.7526407;4
396;2025-11-28T12:00;0.0;0;0.0;12.9;43.0;35.6848662;139.7526407;4
397;2025-11-28T13:00;0.0;0;0.0;12.6;43.0;35.6848662;139.7526407;4
398;2025-11-28T14:00;0.0;0;1.0;12.4;44.0;35.6848662;139.7526407;4
399;2025-11-28T15:00;0.0;0;1.0;12.2;44.0;35.6848662;139.7526407;4
400;2025-11-28T16:00;0.0;0;1.0;11.8;44.0;35.6848662;139.7526407;4
401;2025-11-28T17:00;0.0;0;0.0;11.4;45.0;35.6848662;139.7526407;4
402;2025-11-28T18:00;0.0;0;0.0;11.0;45.0;35.6848662;139.7526407;4
403;2025-11-28T19:00;0.0;0;1.0;10.7;46.0;35.6848662;139.7526407;4
404;2025-11-28T20:00;0.0;0;2.0;10.6;47.0;35.6848662;139.7526407;4
405;2025-11-28T21:00;0.0;0;3.0;10.5;47.0;35.6848662;139.7526407;4
406;2025-11-28T22:00;0.0;0;3.0;10.5;47.0;35.6848662;139.7526407;4
407;2025-11-28T23:00;0.0;0;3.0;10.6;46.0;35.6848662;139.7526407;4
408;2025-11-29T00:00;0.0;0;3.0;10.9;44.0;35.6848662;139.7526407;4
409;2025-11-29T01:00;0.0;1;3.0;11.5;40.0;35.6848662;139.7526407;4
410;2025-11-29T02:00;0.0;1;2.0;12.4;35.0;35.6848662;139.7526407;4
411;2025-11-29T03:00;0.0;2;2.0;13.0;33.0;35.6848662;139.7526407;4
412;2025-11-29T04:00;0.0;2;2.0;13.3;34.0;35.6848662;139.7526407;4
413;2025-11-29T05:00;0.0;3;1.0;13.3;37.0;35.6848662;139.7526407;4
414;2025-11-29T06:00;0.0;3;0.0;13.3;42.0;35.6848662;139.7526407;4
415;2025-11-29T07:00;0.0;3;0.0;13.4;49.0;35.6848662;139.7526407;4
416;2025-11-29T08:00;0.0;2;0.0;13.5;57.0;35.6848662;139.7526407;4
417;2025-11-29T09:00;0.0;2;0.0;13.5;64.0;35.6848662;139.7526407;4
418;2025-11-29T10:00;0.1;1;51.0;13.5;70.0;35.6848662;139.7526407;4
419;2025-11-29T11:00;0.1;1;51.0;13.4;74.0;35.6848662;139.7526407;4
420;2025-11-29T12:00;0.1;0;51.0;13.5;77.0;35.6848662;139.7526407;4
421;2025-11-29T13:00;0.1;0;51.0;13.8;78.0;35.6848662;139.7526407;4
422;2025-11-29T14:00;0.1;0;51.0;14.3;77.0;35.6848662;139.7526407;4
423;2025-11-29T15:00;0.1;0;51.0;14.4;74.0;35.6848662;139.7526407;4
424;2025-11-29T16:00;0.0;0;2.0;13.6;68.0;35.6848662;139.7526407;4
425;2025-11-29T17:00;0.0;0;2.0;12.4;59.0;35.6848662;139.7526407;4
426;2025-11-29T18:00;0.0;0;2.0;11.5;53.0;35.6848662;139.7526407;4
427;2025-11-29T19:00;0.0;1;1.0;11.1;51.0;35.6848662;139.7526407;4
428;2025-11-29T20:00;0.0;2;0.0;10.9;51.0;35.6848662;139.7526407;4
429;2025-11-29T21:00;0.0;3;0.0;10.9;51.0;35.6848662;139.7526407;4
430;2025-11-29T22:00;0.0;4;0.0;11.0;51.0;35.6848662;139.7526407;4
431;2025-11-29T23:00;0.0;5;0.0;11.4;52.0;35.6848662;139.7526407;4
432;2025-11-30T00:00;0.0;6;0.0;12.2;50.0;35.6848662;139.7526407;4
433;2025-11-30T01:00;0.0;6;1.0;13.9;42.0;35.6848662;139.7526407;4
434;2025-11-30T02:00;0.0;6;1.0;16.1;33.0;35.6848662;139.7526407;4
435;2025-11-30T03:00;0.0;5;2.0;17.7;28.0;35.6848662;139.7526407;4
436;2025-11-30T04:00;0.0;4;2.0;18.2;34.0;35.6848662;139.7526407;4
437;2025-11-30T05:00;0.0;4;2.0;18.2;45.0;35.6848662;139.7526407;4
438;2025-11-30T06:00;0.0;3;2.0;18.0;54.0;35.6848662;139.7526407;4
439;2025-11-30T07:00;0.0;3;2.0;17.6;57.0;35.6848662;139.7526407;4
440;2025-11-30T08:00;0.0;2;1.0;17.0;57.0;35.6848662;139.7526407;4
441;2025-11-30T09:00;0.0;2;0.0;16.6;56.0;35.6848662;139.7526407;4
442;2025-11-30T10:00;0.0;2;1.0;16.5;55.0;35.6848662;139.7526407;4
443;2025-11-30T11:00;0.0;2;1.0;16.6;52.0;35.6848662;139.7526407;4
444;2025-11-30T12:00;0.0;3;2.0;16.4;49.0;35.6848662;139.7526407;4
445;2025-11-30T13:00;0.0;4;1.0;15.9;45.0;35.6848662;139.7526407;4
446;2025-11-30T14:00;0.0;6;1.0;15.1;40.0;35.6848662;139.7526407;4
447;2025-11-30T15:00;0.0;7;0.0;14.4;35.0;35.6848662;139.7526407;4
448;2025-11-30T16:00;0.0;8;0.0;13.8;30.0;35.6848662;139.7526407;4
449;2025-11-30T17:00;0.0;9;0.0;13.2;25.0;35.6848662;139.7526407;4
450;2025-11-30T18:00;0.0;10;0.0;12.4;23.0;35.6848662;139.7526407;4
451;2025-11-30T19:00;0.0;10;0.0;11.2;25.0;35.6848662;139.7526407;4
452;2025-11-30T20:00;0.0;10;0.0;9.8;30.0;35.6848662;139.7526407;4
453;2025-11-30T21:00;0.0;10;0.0;8.8;34.0;35.6848662;139.7526407;4
454;2025-11-30T22:00;0.0;10;0.0;8.8;35.0;35.6848662;139.7526407;4
455;2025-11-30T23:00;0.0;10;0.0;9.2;35.0;35.6848662;139.7526407;4
456;2025-12-01T00:00;0.0;10;0.0;9.7;34.0;35.6848662;139.7526407;4
457;2025-12-01T01:00;0.0;11;0.0;10.2;33.0;35.6848662;139.7526407;4
458;2025-12-01T02:00;0.0;13;0.0;10.8;32.0;35.6848662;139.7526407;4
459;2025-12-01T03:00;0.0;14;0.0;11.3;30.0;35.6848662;139.7526407;4
460;2025-12-01T04:00;0.0;15;0.0;11.7;28.0;35.6848662;139.7526407;4
461;2025-12-01T05:00;0.0;16;0.0;12.1;26.0;35.6848662;139.7526407;4
462;2025-12-01T06:00;0.0;16;0.0;12.2;25.0;35.6848662;139.7526407;4
463;2025-12-01T07:00;0.0;15;0.0;11.8;25.0;35.6848662;139.7526407;4
464;2025-12-01T08:00;0.0;14;0.0;11.2;27.0;35.6848662;139.7526407;4
465;2025-12-01T09:00;0.0;12;0.0;10.6;28.0;35.6848662;139.7526407;4
466;2025-12-01T10:00;0.0;10;0.0;10.3;28.0;35.6848662;139.7526407;4
467;2025-12-01T11:00;0.0;8;0.0;10.0;28.0;35.6848662;139.7526407;4
468;2025-12-01T12:00;0.0;6;0.0;9.8;29.0;35.6848662;139.7526407;4
469;2025-12-01T13:00;0.0;5;0.0;9.4;31.0;35.6848662;139.7526407;4
470;2025-12-01T14:00;0.0;4;0.0;9.1;34.0;35.6848662;139.7526407;4
471;2025-12-01T15:00;0.0;4;0.0;8.8;36.0;35.6848662;139.7526407;4
472;2025-12-01T16:00;0.0;4;0.0;8.5;36.0;35.6848662;139.7526407;4
473;2025-12-01T17:00;0.0;3;0.0;8.3;36.0;35.6848662;139.7526407;4
474;2025-12-01T18:00;0.0;3;0.0;8.1;36.0;35.6848662;139.7526407;4
475;2025-12-01T19:00;0.0;2;0.0;7.9;36.0;35.6848662;139.7526407;4
476;2025-12-01T20:00;0.0;2;1.0;7.7;37.0;35.6848662;139.7526407;4
477;2025-12-01T21:00;0.0;1;1.0;7.7;37.0;35.6848662;139.7526407;4
478;2025-12-01T22:00;0.0;0;1.0;8.0;36.0;35.6848662;139.7526407;4
479;2025-12-01T23:00;0.0;0;2.0;8.6;34.0;35.6848662;139.7526407;4
480;2025-12-02T00:00;0.0;0;2.0;9.1;32.0;35.6848662;139.7526407;4
481;2025-12-02T01:00;0.0;1;2.0;9.8;31.0;35.6848662;139.7526407;4
482;2025-12-02T02:00;0.0;2;1.0;10.4;30.0;35.6848662;139.7526407;4
483;2025-12-02T03:00;0.0;3;0.0;11.0;31.0;35.6848662;139.7526407;4
484;2025-12-02T04:00;0.0;4;1.0;11.2;34.0;35.6848662;139.7526407;4
485;2025-12-02T05:00;0.0;5;2.0;11.4;39.0;35.6848662;139.7526407;4
486;2025-12-02T06:00;0.0;6;3.0;11.4;43.0;35.6848662;139.7526407;4
487;2025-12-02T07:00;0.0;5;2.0;11.4;47.0;35.6848662;139.7526407;4
488;2025-12-02T08:00;0.0;4;2.0;11.3;50.0;35.6848662;139.7526407;4
489;2025-12-02T09:00;0.0;3;1.0;11.3;51.0;35.6848662;139.7526407;4
490;2025-12-02T10:00;0.0;2;1.0;11.6;49.0;35.6848662;139.7526407;4
491;2025-12-02T11:00;0.0;1;0.0;12.0;45.0;35.6848662;139.7526407;4
492;2025-12-02T12:00;0.0;0;0.0;12.2;43.0;35.6848662;139.7526407;4
493;2025-12-02T13:00;0.0;0;0.0;12.1;43.0;35.6848662;139.7526407;4
494;2025-12-02T14:00;0.0;0;1.0;11.7;44.0;35.6848662;139.7526407;4
495;2025-12-02T15:00;0.0;1;1.0;11.3;46.0;35.6848662;139.7526407;4
496;2025-12-02T16:00;0.0;2;1.0;10.6;48.0;35.6848662;139.7526407;4
497;2025-12-02T17:00;0.0;3;2.0;9.7;51.0;35.6848662;139.7526407;4
498;2025-12-02T18:00;0.0;3;2.0;9.1;52.0;35.6848662;139.7526407;4
499;2025-12-02T19:00;0.0;3;2.0;8.8;51.0;35.6848662;139.7526407;4
500;2025-12-02T20:00;0.0;3;1.0;8.8;49.0;35.6848662;139.7526407;4
501;2025-12-02T21:00;0.0;2;0.0;8.8;47.0;35.6848662;139.7526407;4
502;2025-12-02T22:00;0.0;1;0.0;8.9;48.0;35.6848662;139.7526407;4
503;2025-12-02T23:00;0.0;0;0.0;9.2;49.0;35.6848662;139.7526407;4
504;2025-12-03T00:00;0.0;0;0.0;9.6;49.0;35.6848662;139.7526407;4
505;2025-12-03T01:00;0.0;0;0.0;10.3;45.0;35.6848662;139.7526407;4
506;2025-12-03T02:00;0.0;0;0.0;11.1;40.0;35.6848662;139.7526407;4
507;2025-12-03T03:00;0.0;1;0.0;11.9;35.0;35.6848662;139.7526407;4
508;2025-12-03T04:00;0.0;2;0.0;12.5;32.0;35.6848662;139.7526407;4
509;2025-12-03T05:00;0.0;2;1.0;12.9;30.0;35.6848662;139.7526407;4
510;2025-12-03T06:00;0.0;3;1.0;13.0;30.0;35.6848662;139.7526407;4
511;2025-12-03T07:00;0.0;3;1.0;12.4;33.0;35.6848662;139.7526407;4
512;2025-12-03T08:00;0.0;3;0.0;11.5;37.0;35.6848662;139.7526407;4
513;2025-12-03T09:00;0.0;3;0.0;10.7;39.0;35.6848662;139.7526407;4
514;2025-12-03T10:00;0.0;3;0.0;10.3;37.0;35.6848662;139.7526407;4
515;2025-12-03T11:00;0.0;3;1.0;10.1;34.0;35.6848662;139.7526407;4
516;2025-12-03T12:00;0.0;3;1.0;9.8;32.0;35.6848662;139.7526407;4
517;2025-12-03T13:00;0.0;4;2.0;9.3;33.0;35.6848662;139.7526407;4
518;2025-12-03T14:00;0.0;4;3.0;8.7;35.0;35.6848662;139.7526407;4
519;2025-12-03T15:00;0.0;5;3.0;8.3;37.0;35.6848662;139.7526407;4
520;2025-12-03T16:00;0.0;6;3.0;8.2;37.0;35.6848662;139.7526407;4
521;2025-12-03T17:00;0.0;6;3.0;8.3;36.0;35.6848662;139.7526407;4
522;2025-12-03T18:00;0.0;6;3.0;8.3;36.0;35.6848662;139.7526407;4
523;2025-12-03T19:00;0.0;5;2.0;8.2;37.0;35.6848662;139.7526407;4
524;2025-12-03T20:00;0.0;3;1.0;8.1;40.0;35.6848662;139.7526407;4
525;2025-12-03T21:00;0.0;2;1.0;8.0;42.0;35.6848662;139.7526407;4
526;2025-12-03T22:00;0.0;1;0.0;8.0;45.0;35.6848662;139.7526407;4
527;2025-12-03T23:00;0.0;0;0.0;8.1;49.0;35.6848662;139.7526407;4
528;2025-12-04T00:00;0.0;0;0.0;8.5;49.0;35.6848662;139.7526407;4
529;2025-12-04T01:00;0.0;1;0.0;9.3;43.0;35.6848662;139.7526407;4
530;2025-12-04T02:00;0.0;4;0.0;10.5;34.0;35.6848662;139.7526407;4
531;2025-12-04T03:00;0.0;6;0.0;11.4;27.0;35.6848662;139.7526407;4
532;2025-12-04T04:00;0.0;8;0.0;11.8;26.0;35.6848662;139.7526407;4
533;2025-12-04T05:00;0.0;11;1.0;12.0;28.0;35.6848662;139.7526407;4
534;2025-12-04T06:00;0.0;13;1.0;11.9;30.0;35.6848662;139.7526407;4
535;2025-12-04T07:00;0.0;14;1.0;11.5;31.0;35.6848662;139.7526407;4
536;2025-12-04T08:00;0.0;14;1.0;10.9;32.0;35.6848662;139.7526407;4
537;2025-12-04T09:00;0.0;14;0.0;10.3;33.0;35.6848662;139.7526407;4
538;2025-12-04T10:00;0.0;14;0.0;9.8;35.0;35.6848662;139.7526407;4
539;2025-12-04T11:00;0.0;13;0.0;9.4;37.0;35.6848662;139.7526407;4
540;2025-12-04T12:00;0.0;13;0.0;9.1;39.0;35.6848662;139.7526407;4
541;2025-12-04T13:00;0.0;13;0.0;8.8;40.0;35.6848662;139.7526407;4
542;2025-12-04T14:00;0.0;14;0.0;8.5;40.0;35.6848662;139.7526407;4
543;2025-12-04T15:00;0.0;15;0.0;8.3;41.0;35.6848662;139.7526407;4
544;2025-12-04T16:00;0.0;16;0.0;7.9;42.0;35.6848662;139.7526407;4
545;2025-12-04T17:00;0.0;17;0.0;7.6;44.0;35.6848662;139.7526407;4
546;2025-12-04T18:00;0.0;16;0.0;7.4;45.0;35.6848662;139.7526407;4
547;2025-12-04T19:00;;13;;;;35.6848662;139.7526407;4
548;2025-12-04T20:00;;9;;;;35.6848662;139.7526407;4
549;2025-12-04T21:00;;5;;;;35.6848662;139.7526407;4
550;2025-12-04T22:00;;3;;;;35.6848662;139.7526407;4
551;2025-12-04T23:00;;1;;;;35.6848662;139.7526407;4
