;timestamp;processo;pid;cpu;ram
0;2025-10-22 19:11:33;systemd;1;0.0;0.1792
1;2025-10-22 19:11:33;kthreadd;2;0.0;0.0
2;2025-10-22 19:11:33;pool_workqueue_release;3;0.0;0.0
3;2025-10-22 19:11:33;kworker/R-rcu_gp;4;0.0;0.0
4;2025-10-22 19:11:33;kworker/R-sync_wq;5;0.0;0.0
5;2025-10-22 19:11:33;kworker/R-kvfree_rcu_reclaim;6;0.0;0.0
6;2025-10-22 19:11:33;kworker/R-slub_flushwq;7;0.0;0.0
7;2025-10-22 19:11:33;kworker/R-netns;8;0.0;0.0
8;2025-10-22 19:11:33;kworker/0:0H-events_highpri;10;0.0;0.0
9;2025-10-22 19:11:33;kworker/R-mm_percpu_wq;13;0.0;0.0
10;2025-10-22 19:11:33;rcu_tasks_kthread;14;0.0;0.0
11;2025-10-22 19:11:33;rcu_tasks_rude_kthread;15;0.0;0.0
12;2025-10-22 19:11:33;rcu_tasks_trace_kthread;16;0.0;0.0
13;2025-10-22 19:11:33;ksoftirqd/0;17;0.0;0.0
14;2025-10-22 19:11:33;rcu_preempt;18;0.0;0.0
15;2025-10-22 19:11:33;rcu_exp_par_gp_kthread_worker/0;19;0.0;0.0
16;2025-10-22 19:11:33;rcu_exp_gp_kthread_worker;20;0.0;0.0
17;2025-10-22 19:11:33;migration/0;21;0.0;0.0
18;2025-10-22 19:11:33;idle_inject/0;22;0.0;0.0
19;2025-10-22 19:11:33;cpuhp/0;23;0.0;0.0
20;2025-10-22 19:11:33;cpuhp/1;24;0.0;0.0
21;2025-10-22 19:11:33;idle_inject/1;25;0.0;0.0
22;2025-10-22 19:11:33;migration/1;26;0.0;0.0
23;2025-10-22 19:11:33;ksoftirqd/1;27;0.0;0.0
24;2025-10-22 19:11:33;kworker/1:0H-events_highpri;29;0.0;0.0
25;2025-10-22 19:11:33;cpuhp/2;30;0.0;0.0
26;2025-10-22 19:11:33;idle_inject/2;31;0.0;0.0
27;2025-10-22 19:11:33;migration/2;32;0.0;0.0
28;2025-10-22 19:11:33;ksoftirqd/2;33;0.0;0.0
29;2025-10-22 19:11:33;kworker/2:0H-kblockd;35;0.0;0.0
30;2025-10-22 19:11:33;cpuhp/3;36;0.0;0.0
31;2025-10-22 19:11:33;idle_inject/3;37;0.0;0.0
32;2025-10-22 19:11:33;migration/3;38;0.0;0.0
33;2025-10-22 19:11:33;ksoftirqd/3;39;0.0;0.0
34;2025-10-22 19:11:33;kworker/3:0H-events_highpri;41;0.0;0.0
35;2025-10-22 19:11:33;kdevtmpfs;42;0.0;0.0
36;2025-10-22 19:11:33;kworker/R-inet_frag_wq;43;0.0;0.0
37;2025-10-22 19:11:33;kauditd;44;0.0;0.0
38;2025-10-22 19:11:33;khungtaskd;45;0.0;0.0
39;2025-10-22 19:11:33;oom_reaper;46;0.0;0.0
40;2025-10-22 19:11:33;kworker/R-writeback;49;0.0;0.0
41;2025-10-22 19:11:33;kcompactd0;50;0.0;0.0
42;2025-10-22 19:11:33;ksmd;51;0.0;0.0
43;2025-10-22 19:11:33;khugepaged;52;0.0;0.0
44;2025-10-22 19:11:33;kworker/R-kintegrityd;53;0.0;0.0
45;2025-10-22 19:11:33;kworker/R-kblockd;54;0.0;0.0
46;2025-10-22 19:11:33;kworker/R-blkcg_punt_bio;55;0.0;0.0
47;2025-10-22 19:11:33;irq/9-acpi;56;0.0;0.0
48;2025-10-22 19:11:33;kworker/1:1-events;57;0.0;0.0
49;2025-10-22 19:11:33;kworker/R-tpm_dev_wq;59;0.0;0.0
50;2025-10-22 19:11:33;kworker/R-ata_sff;60;0.0;0.0
51;2025-10-22 19:11:33;kworker/R-md;61;0.0;0.0
52;2025-10-22 19:11:33;kworker/R-md_bitmap;62;0.0;0.0
53;2025-10-22 19:11:33;kworker/R-edac-poller;63;0.0;0.0
54;2025-10-22 19:11:33;kworker/R-devfreq_wq;64;0.0;0.0
55;2025-10-22 19:11:33;watchdogd;65;0.0;0.0
56;2025-10-22 19:11:33;kworker/0:1H-i915_cleanup;66;0.0;0.0
57;2025-10-22 19:11:33;kswapd0;68;0.0;0.0
58;2025-10-22 19:11:33;ecryptfs-kthread;69;0.0;0.0
59;2025-10-22 19:11:33;kworker/R-kthrotld;70;0.0;0.0
60;2025-10-22 19:11:33;irq/122-aerdrv;71;0.0;0.0
61;2025-10-22 19:11:33;irq/122-pcie-dpc;72;0.0;0.0
62;2025-10-22 19:11:33;kworker/R-acpi_thermal_pm;73;0.0;0.0
63;2025-10-22 19:11:33;hwrng;74;0.0;0.0
64;2025-10-22 19:11:33;kworker/R-mld;75;0.0;0.0
65;2025-10-22 19:11:33;kworker/R-ipv6_addrconf;76;0.0;0.0
66;2025-10-22 19:11:33;kworker/R-kstrp;84;0.0;0.0
67;2025-10-22 19:11:33;kworker/R-charger_manager;100;0.0;0.0
68;2025-10-22 19:11:33;kworker/3:1H-kblockd;125;0.0;0.0
69;2025-10-22 19:11:33;kworker/2:1H;154;0.0;0.0
70;2025-10-22 19:11:33;kworker/1:1H-i915_cleanup;155;0.0;0.0
71;2025-10-22 19:11:33;irq/148-ELAN050A:01;206;0.0;0.0
72;2025-10-22 19:11:33;irq/149-aerdrv;207;0.0;0.0
73;2025-10-22 19:11:33;irq/149-pcie-dpc;208;0.0;0.0
74;2025-10-22 19:11:33;scsi_eh_0;210;0.0;0.0
75;2025-10-22 19:11:33;kworker/R-scsi_tmf_0;211;0.0;0.0
76;2025-10-22 19:11:33;scsi_eh_1;212;0.0;0.0
77;2025-10-22 19:11:33;kworker/R-scsi_tmf_1;213;0.0;0.0
78;2025-10-22 19:11:33;kworker/R-nvme-wq;214;0.0;0.0
79;2025-10-22 19:11:33;kworker/R-nvme-reset-wq;215;0.0;0.0
80;2025-10-22 19:11:33;kworker/R-nvme-delete-wq;216;0.0;0.0
81;2025-10-22 19:11:33;kworker/R-nvme-auth-wq;217;0.0;0.0
82;2025-10-22 19:11:33;jbd2/nvme0n1p2-8;257;0.0;0.0
83;2025-10-22 19:11:33;kworker/R-ext4-rsv-conversion;258;0.0;0.0
84;2025-10-22 19:11:33;systemd-journald;308;0.0;0.2738
85;2025-10-22 19:11:33;systemd-udevd;404;0.0;0.1093
86;2025-10-22 19:11:33;psimon;442;0.0;0.0
87;2025-10-22 19:11:33;kworker/u16:6-events_unbound;469;0.0;0.0
88;2025-10-22 19:11:33;kworker/u16:7-kvfree_rcu_reclaim;470;0.0;0.0
89;2025-10-22 19:11:33;kworker/u16:14-events_unbound;480;0.0;0.0
90;2025-10-22 19:11:33;irq/156-mei_me;523;0.0;0.0
91;2025-10-22 19:11:33;kworker/R-cfg80211;539;0.0;0.0
92;2025-10-22 19:11:33;kworker/R-cryptd;553;0.0;0.0
93;2025-10-22 19:11:33;irq/157-iwlwifi:default_queue;555;0.0;0.0
94;2025-10-22 19:11:33;irq/158-iwlwifi:queue_1;556;0.0;0.0
95;2025-10-22 19:11:33;irq/159-iwlwifi:queue_2;557;0.0;0.0
96;2025-10-22 19:11:33;irq/160-iwlwifi:queue_3;558;0.0;0.0
97;2025-10-22 19:11:33;irq/161-iwlwifi:queue_4;559;0.0;0.0
98;2025-10-22 19:11:33;irq/162-iwlwifi:exception;561;0.0;0.0
99;2025-10-22 19:11:33;kworker/R-ttm;609;0.0;0.0
100;2025-10-22 19:11:33;card1-crtc0;623;0.0;0.0
101;2025-10-22 19:11:33;card1-crtc1;624;0.0;0.0
102;2025-10-22 19:11:33;card1-crtc2;625;0.0;0.0
103;2025-10-22 19:11:33;card1-crtc3;626;0.0;0.0
104;2025-10-22 19:11:33;systemd-oomd;701;0.0;0.0938
105;2025-10-22 19:11:33;systemd-resolved;714;0.0;0.1696
106;2025-10-22 19:11:33;systemd-timesyncd;715;0.0;0.1
107;2025-10-22 19:11:33;avahi-daemon;849;0.0;0.0542
108;2025-10-22 19:11:33;bluetoothd;850;0.0;0.0701
109;2025-10-22 19:11:33;dbus-daemon;851;0.0;0.0948
110;2025-10-22 19:11:33;gnome-remote-desktop-daemon;854;0.0;0.1964
111;2025-10-22 19:11:33;polkitd;860;0.0;0.1626
112;2025-10-22 19:11:33;power-profiles-daemon;865;0.0;0.1063
113;2025-10-22 19:11:33;snapd;875;0.0;0.5555
114;2025-10-22 19:11:33;accounts-daemon;877;0.0;0.1088
115;2025-10-22 19:11:33;cron;878;0.0;0.0346
116;2025-10-22 19:11:33;switcheroo-control;879;0.0;0.0876
117;2025-10-22 19:11:33;systemd-logind;881;0.0;0.1156
118;2025-10-22 19:11:33;thermald;882;0.0;0.1433
119;2025-10-22 19:11:33;udisksd;883;0.0;0.1677
120;2025-10-22 19:11:33;rsyslogd;932;0.0;0.0756
121;2025-10-22 19:11:33;avahi-daemon;941;0.0;0.0157
122;2025-10-22 19:11:33;NetworkManager;944;0.0;0.256
123;2025-10-22 19:11:33;wpa_supplicant;946;0.0;0.1441
124;2025-10-22 19:11:33;ModemManager;1004;0.0;0.1285
125;2025-10-22 19:11:33;irq/164-AudioDSP;1030;0.0;0.0
126;2025-10-22 19:11:33;kworker/R-iprt-VBoxWQueue;1684;0.0;0.0
127;2025-10-22 19:11:33;iprt-VBoxTscThread;1688;0.0;0.0
128;2025-10-22 19:11:33;cupsd;1714;0.0;0.144
129;2025-10-22 19:11:33;unattended-upgr;1721;0.0;0.2925
130;2025-10-22 19:11:33;gdm3;1740;0.0;0.1186
131;2025-10-22 19:11:33;mysqld;1748;0.0;5.5678
132;2025-10-22 19:11:33;rtkit-daemon;1862;0.0;0.0414
133;2025-10-22 19:11:33;krfcommd;1966;0.0;0.0
134;2025-10-22 19:11:33;colord;2047;0.0;0.1882
135;2025-10-22 19:11:33;upowerd;2086;0.0;0.1338
136;2025-10-22 19:11:33;cups-browsed;2430;0.0;0.2451
137;2025-10-22 19:11:33;kerneloops;2435;0.0;0.0269
138;2025-10-22 19:11:33;kerneloops;2439;0.0;0.0271
139;2025-10-22 19:11:33;gdm-session-worker;2496;0.0;0.1386
140;2025-10-22 19:11:33;systemd;2517;0.0;0.1686
141;2025-10-22 19:11:33;(sd-pam);2522;0.0;0.0431
142;2025-10-22 19:11:33;pipewire;2533;0.0;0.2932
143;2025-10-22 19:11:33;pipewire;2536;0.0;0.0763
144;2025-10-22 19:11:33;snapd-desktop-integration;2541;0.0;0.15
145;2025-10-22 19:11:33;wireplumber;2545;0.0;0.4158
146;2025-10-22 19:11:33;pipewire-pulse;2548;0.0;0.5036
147;2025-10-22 19:11:33;dbus-daemon;2550;0.0;0.085
148;2025-10-22 19:11:33;gnome-keyring-daemon;2554;0.0;0.133
149;2025-10-22 19:11:33;xdg-document-portal;2596;0.0;0.0954
150;2025-10-22 19:11:33;xdg-permission-store;2600;0.0;0.0802
151;2025-10-22 19:11:33;fusermount3;2607;0.0;0.0256
152;2025-10-22 19:11:33;gdm-wayland-session;2630;0.0;0.0813
153;2025-10-22 19:11:33;gnome-session-binary;2637;0.0;0.2106
154;2025-10-22 19:11:33;gcr-ssh-agent;2711;0.0;0.0846
155;2025-10-22 19:11:33;gnome-session-ctl;2712;0.0;0.0729
156;2025-10-22 19:11:33;gvfsd;2726;0.0;0.1017
157;2025-10-22 19:11:33;gvfsd-fuse;2734;0.0;0.096
158;2025-10-22 19:11:33;gnome-session-binary;2737;0.0;0.2426
159;2025-10-22 19:11:33;at-spi-bus-launcher;2768;0.0;0.0987
160;2025-10-22 19:11:33;dbus-daemon;2781;0.0;0.0628
161;2025-10-22 19:11:33;gnome-shell;2782;0.0;3.9666
162;2025-10-22 19:11:33;at-spi2-registryd;2879;0.0;0.0926
163;2025-10-22 19:11:33;snapd-desktop-integration;2894;0.0;0.3888
164;2025-10-22 19:11:33;gnome-shell-calendar-server;2921;0.0;0.1894
165;2025-10-22 19:11:33;evolution-source-registry;2929;0.0;0.5462
166;2025-10-22 19:11:33;dconf-service;2933;0.0;0.0776
167;2025-10-22 19:11:33;gjs;2943;0.0;0.2809
168;2025-10-22 19:11:33;goa-daemon;2952;0.0;0.2643
169;2025-10-22 19:11:33;ibus-daemon;2953;0.0;0.1611
170;2025-10-22 19:11:33;gsd-a11y-settings;2959;0.0;0.0899
171;2025-10-22 19:11:33;gsd-color;2963;0.0;0.2678
172;2025-10-22 19:11:33;gsd-datetime;2965;0.0;0.1619
173;2025-10-22 19:11:33;gsd-housekeeping;2969;0.0;0.1084
174;2025-10-22 19:11:33;gsd-keyboard;2972;0.0;0.2594
175;2025-10-22 19:11:33;gsd-media-keys;2974;0.0;0.3262
176;2025-10-22 19:11:33;gsd-power;2975;0.0;0.3112
177;2025-10-22 19:11:33;gsd-print-notifications;2976;0.0;0.1462
178;2025-10-22 19:11:33;gsd-rfkill;2978;0.0;0.0846
179;2025-10-22 19:11:33;gsd-screensaver-proxy;2980;0.0;0.0827
180;2025-10-22 19:11:33;gsd-sharing;2981;0.0;0.1534
181;2025-10-22 19:11:33;gsd-smartcard;2982;0.0;0.1046
182;2025-10-22 19:11:33;gsd-sound;2983;0.0;0.1244
183;2025-10-22 19:11:33;gsd-wacom;2984;0.0;0.2699
184;2025-10-22 19:11:33;gnome-software;3007;0.0;3.528
185;2025-10-22 19:11:33;evolution-alarm-notify;3018;0.0;0.8164
186;2025-10-22 19:11:33;gsd-disk-utility-notify;3025;0.0;0.0976
187;2025-10-22 19:11:33;evolution-calendar-factory;3111;0.0;0.3168
188;2025-10-22 19:11:33;gvfs-udisks2-volume-monitor;3129;0.0;0.1429
189;2025-10-22 19:11:33;goa-identity-service;3136;0.0;0.1118
190;2025-10-22 19:11:33;ibus-dconf;3175;0.0;0.0935
191;2025-10-22 19:11:33;ibus-extension-gtk3;3193;0.0;0.3861
192;2025-10-22 19:11:33;evolution-addressbook-factory;3195;0.0;0.3827
193;2025-10-22 19:11:33;ibus-portal;3202;0.0;0.0896
194;2025-10-22 19:11:33;gsd-printer;3219;0.0;0.192
195;2025-10-22 19:11:33;gvfs-goa-volume-monitor;3223;0.0;0.0852
196;2025-10-22 19:11:33;gvfs-afc-volume-monitor;3238;0.0;0.1012
197;2025-10-22 19:11:33;gvfs-gphoto2-volume-monitor;3248;0.0;0.09
198;2025-10-22 19:11:33;gvfs-mtp-volume-monitor;3256;0.0;0.0845
199;2025-10-22 19:11:33;ibus-engine-simple;3276;0.0;0.0982
200;2025-10-22 19:11:33;gvfsd-trash;3305;0.0;0.1245
201;2025-10-22 19:11:33;xdg-desktop-portal;3324;0.0;0.1977
202;2025-10-22 19:11:33;tracker-miner-fs-3;3344;0.0;0.4013
203;2025-10-22 19:11:33;xdg-desktop-portal-gnome;3345;0.0;1.6789
204;2025-10-22 19:11:33;gjs;3358;0.0;0.2863
205;2025-10-22 19:11:33;gjs;3385;0.0;0.8568
206;2025-10-22 19:11:33;xdg-desktop-portal-gtk;3449;0.0;0.345
207;2025-10-22 19:11:33;gvfsd-metadata;3458;0.0;0.0854
208;2025-10-22 19:11:33;fwupd;3494;0.0;0.5628
209;2025-10-22 19:11:33;Xwayland;4173;0.0;1.8003
210;2025-10-22 19:11:33;gsd-xsettings;4183;0.0;1.0768
211;2025-10-22 19:11:33;ibus-x11;4208;0.0;0.3254
212;2025-10-22 19:11:33;mutter-x11-frames;4214;0.0;1.5151
213;2025-10-22 19:11:33;update-notifier;4886;0.0;0.4104
214;2025-10-22 19:11:33;gnome-control-center;4950;0.0;1.9999
215;2025-10-22 19:11:33;snap;5247;0.0;0.2675
216;2025-10-22 19:11:33;kworker/u17:3-rb_allocator;6125;0.0;0.0
217;2025-10-22 19:11:33;gvfsd-recent;6199;0.0;0.1179
218;2025-10-22 19:11:33;Discord;6451;0.0;2.1494
219;2025-10-22 19:11:33;Discord;6556;0.0;0.6093
220;2025-10-22 19:11:33;Discord;6557;0.0;0.6083
221;2025-10-22 19:11:33;chrome_crashpad_handler;6573;0.0;0.0392
222;2025-10-22 19:11:33;Discord;6605;0.0;1.8658
223;2025-10-22 19:11:33;Discord;6624;0.0;0.942
224;2025-10-22 19:11:33;Discord;6728;0.0;8.3513
225;2025-10-22 19:11:33;Discord;6771;0.0;0.7413
226;2025-10-22 19:11:33;psimon;7465;0.0;0.0
227;2025-10-22 19:11:33;rstudio;7567;0.0;2.1369
228;2025-10-22 19:11:33;rstudio;7571;0.0;0.651
229;2025-10-22 19:11:33;chrome-sandbox;7572;0.0;0.0206
230;2025-10-22 19:11:33;rstudio;7573;0.0;0.6568
231;2025-10-22 19:11:33;rstudio;7576;0.0;0.1672
232;2025-10-22 19:11:33;rsession;7671;0.0;2.6984
233;2025-10-22 19:11:33;rstudio;7678;0.0;0.9125
234;2025-10-22 19:11:33;rstudio;7699;0.0;3.0289
235;2025-10-22 19:11:33;rstudio;7766;0.0;1.9437
236;2025-10-22 19:11:33;gnome-calendar;7961;0.0;0.8053
237;2025-10-22 19:11:33;nautilus;8654;0.0;2.1477
238;2025-10-22 19:11:33;gnome-terminal-server;8767;0.0;0.6673
239;2025-10-22 19:11:33;bash;8777;0.0;0.0699
240;2025-10-22 19:11:33;code;8837;0.0;2.0657
241;2025-10-22 19:11:33;code;8839;0.0;0.6354
242;2025-10-22 19:11:33;code;8840;0.0;0.6356
243;2025-10-22 19:11:33;chrome_crashpad_handler;8855;0.0;0.0422
244;2025-10-22 19:11:33;code;8893;0.0;0.8785
245;2025-10-22 19:11:33;code;8944;0.0;5.0556
246;2025-10-22 19:11:33;code;8967;0.0;2.531
247;2025-10-22 19:11:33;code;8984;0.0;7.6897
248;2025-10-22 19:11:33;code;8996;0.0;1.4743
249;2025-10-22 19:11:33;code;8997;0.0;1.4064
250;2025-10-22 19:11:33;code;9039;0.0;1.442
251;2025-10-22 19:11:33;pet;9093;0.0;0.0411
252;2025-10-22 19:11:33;bash;9211;0.0;0.0685
253;2025-10-22 19:11:33;code;9426;0.0;6.5721
254;2025-10-22 19:11:33;bash;9437;0.0;0.0702
255;2025-10-22 19:11:33;bash;9521;0.0;0.07
256;2025-10-22 19:11:33;mysql-workbench;9635;0.0;0.0411
257;2025-10-22 19:11:33;mysql-workbench-bin;9783;0.0;2.4467
258;2025-10-22 19:11:33;uuidd;9804;0.0;0.044
259;2025-10-22 19:11:33;kworker/u16:0-events_power_efficient;10423;0.0;0.0
260;2025-10-22 19:11:33;kworker/2:1-events;10478;0.0;0.0
261;2025-10-22 19:11:33;kworker/3:0-events;10528;0.0;0.0
262;2025-10-22 19:11:33;kworker/u17:1-i915_flip;10533;0.0;0.0
263;2025-10-22 19:11:33;kworker/0:0-events;10547;0.0;0.0
264;2025-10-22 19:11:33;kworker/1:0-events;10593;0.0;0.0
265;2025-10-22 19:11:33;kworker/3:2-i915-unordered;10596;0.0;0.0
266;2025-10-22 19:11:33;kworker/2:0-i915-unordered;10613;0.0;0.0
267;2025-10-22 19:11:33;kworker/u17:0-i915_flip;10616;0.0;0.0
268;2025-10-22 19:11:33;kworker/0:2-events;10623;0.0;0.0
269;2025-10-22 19:11:33;kworker/2:2-events;10691;0.0;0.0
270;2025-10-22 19:11:33;kworker/0:1-events;10813;0.0;0.0
271;2025-10-22 19:11:33;kworker/1:2;10939;0.0;0.0
272;2025-10-22 19:11:33;kworker/3:1-events;10950;0.0;0.0
273;2025-10-22 19:11:33;python;10958;0.0;1.0098
274;2025-10-22 19:11:34;systemd;1;0.0;0.1792
275;2025-10-22 19:11:34;kthreadd;2;0.0;0.0
276;2025-10-22 19:11:34;pool_workqueue_release;3;0.0;0.0
277;2025-10-22 19:11:34;kworker/R-rcu_gp;4;0.0;0.0
278;2025-10-22 19:11:34;kworker/R-sync_wq;5;0.0;0.0
279;2025-10-22 19:11:34;kworker/R-kvfree_rcu_reclaim;6;0.0;0.0
280;2025-10-22 19:11:34;kworker/R-slub_flushwq;7;0.0;0.0
281;2025-10-22 19:11:34;kworker/R-netns;8;0.0;0.0
282;2025-10-22 19:11:34;kworker/0:0H-events_highpri;10;0.0;0.0
283;2025-10-22 19:11:34;kworker/R-mm_percpu_wq;13;0.0;0.0
284;2025-10-22 19:11:34;rcu_tasks_kthread;14;0.0;0.0
285;2025-10-22 19:11:34;rcu_tasks_rude_kthread;15;0.0;0.0
286;2025-10-22 19:11:34;rcu_tasks_trace_kthread;16;0.0;0.0
287;2025-10-22 19:11:34;ksoftirqd/0;17;0.0;0.0
288;2025-10-22 19:11:34;rcu_preempt;18;0.9;0.0
289;2025-10-22 19:11:34;rcu_exp_par_gp_kthread_worker/0;19;0.0;0.0
290;2025-10-22 19:11:34;rcu_exp_gp_kthread_worker;20;0.0;0.0
291;2025-10-22 19:11:34;migration/0;21;0.0;0.0
292;2025-10-22 19:11:34;idle_inject/0;22;0.0;0.0
293;2025-10-22 19:11:34;cpuhp/0;23;0.0;0.0
294;2025-10-22 19:11:34;cpuhp/1;24;0.0;0.0
295;2025-10-22 19:11:34;idle_inject/1;25;0.0;0.0
296;2025-10-22 19:11:34;migration/1;26;0.0;0.0
297;2025-10-22 19:11:34;ksoftirqd/1;27;0.0;0.0
298;2025-10-22 19:11:34;kworker/1:0H-events_highpri;29;0.0;0.0
299;2025-10-22 19:11:34;cpuhp/2;30;0.0;0.0
300;2025-10-22 19:11:34;idle_inject/2;31;0.0;0.0
301;2025-10-22 19:11:34;migration/2;32;0.0;0.0
302;2025-10-22 19:11:34;ksoftirqd/2;33;0.0;0.0
303;2025-10-22 19:11:34;kworker/2:0H-kblockd;35;0.0;0.0
304;2025-10-22 19:11:34;cpuhp/3;36;0.0;0.0
305;2025-10-22 19:11:34;idle_inject/3;37;0.0;0.0
306;2025-10-22 19:11:34;migration/3;38;0.0;0.0
307;2025-10-22 19:11:34;ksoftirqd/3;39;0.0;0.0
308;2025-10-22 19:11:34;kworker/3:0H-events_highpri;41;0.0;0.0
309;2025-10-22 19:11:34;kdevtmpfs;42;0.0;0.0
310;2025-10-22 19:11:34;kworker/R-inet_frag_wq;43;0.0;0.0
311;2025-10-22 19:11:34;kauditd;44;0.0;0.0
312;2025-10-22 19:11:34;khungtaskd;45;0.0;0.0
313;2025-10-22 19:11:34;oom_reaper;46;0.0;0.0
314;2025-10-22 19:11:34;kworker/R-writeback;49;0.0;0.0
315;2025-10-22 19:11:34;kcompactd0;50;3.6;0.0
316;2025-10-22 19:11:34;ksmd;51;0.0;0.0
317;2025-10-22 19:11:34;khugepaged;52;0.0;0.0
318;2025-10-22 19:11:34;kworker/R-kintegrityd;53;0.0;0.0
319;2025-10-22 19:11:34;kworker/R-kblockd;54;0.0;0.0
320;2025-10-22 19:11:34;kworker/R-blkcg_punt_bio;55;0.0;0.0
321;2025-10-22 19:11:34;irq/9-acpi;56;0.0;0.0
322;2025-10-22 19:11:34;kworker/1:1-events;57;0.0;0.0
323;2025-10-22 19:11:34;kworker/R-tpm_dev_wq;59;0.0;0.0
324;2025-10-22 19:11:34;kworker/R-ata_sff;60;0.0;0.0
325;2025-10-22 19:11:34;kworker/R-md;61;0.0;0.0
326;2025-10-22 19:11:34;kworker/R-md_bitmap;62;0.0;0.0
327;2025-10-22 19:11:34;kworker/R-edac-poller;63;0.0;0.0
328;2025-10-22 19:11:34;kworker/R-devfreq_wq;64;0.0;0.0
329;2025-10-22 19:11:34;watchdogd;65;0.0;0.0
330;2025-10-22 19:11:34;kworker/0:1H-kblockd;66;0.0;0.0
331;2025-10-22 19:11:34;kswapd0;68;0.0;0.0
332;2025-10-22 19:11:34;ecryptfs-kthread;69;0.0;0.0
333;2025-10-22 19:11:34;kworker/R-kthrotld;70;0.0;0.0
334;2025-10-22 19:11:34;irq/122-aerdrv;71;0.0;0.0
335;2025-10-22 19:11:34;irq/122-pcie-dpc;72;0.0;0.0
336;2025-10-22 19:11:34;kworker/R-acpi_thermal_pm;73;0.0;0.0
337;2025-10-22 19:11:34;hwrng;74;0.0;0.0
338;2025-10-22 19:11:34;kworker/R-mld;75;0.0;0.0
339;2025-10-22 19:11:34;kworker/R-ipv6_addrconf;76;0.0;0.0
340;2025-10-22 19:11:34;kworker/R-kstrp;84;0.0;0.0
341;2025-10-22 19:11:34;kworker/R-charger_manager;100;0.0;0.0
342;2025-10-22 19:11:34;kworker/3:1H-i915_cleanup;125;0.0;0.0
343;2025-10-22 19:11:34;kworker/2:1H;154;0.0;0.0
344;2025-10-22 19:11:34;kworker/1:1H-kblockd;155;0.0;0.0
345;2025-10-22 19:11:34;irq/148-ELAN050A:01;206;0.0;0.0
346;2025-10-22 19:11:34;irq/149-aerdrv;207;0.0;0.0
347;2025-10-22 19:11:34;irq/149-pcie-dpc;208;0.0;0.0
348;2025-10-22 19:11:34;scsi_eh_0;210;0.0;0.0
349;2025-10-22 19:11:34;kworker/R-scsi_tmf_0;211;0.0;0.0
350;2025-10-22 19:11:34;scsi_eh_1;212;0.0;0.0
351;2025-10-22 19:11:34;kworker/R-scsi_tmf_1;213;0.0;0.0
352;2025-10-22 19:11:34;kworker/R-nvme-wq;214;0.0;0.0
353;2025-10-22 19:11:34;kworker/R-nvme-reset-wq;215;0.0;0.0
354;2025-10-22 19:11:34;kworker/R-nvme-delete-wq;216;0.0;0.0
355;2025-10-22 19:11:34;kworker/R-nvme-auth-wq;217;0.0;0.0
356;2025-10-22 19:11:34;jbd2/nvme0n1p2-8;257;0.0;0.0
357;2025-10-22 19:11:34;kworker/R-ext4-rsv-conversion;258;0.0;0.0
358;2025-10-22 19:11:34;systemd-journald;308;0.0;0.2738
359;2025-10-22 19:11:34;systemd-udevd;404;0.0;0.1093
360;2025-10-22 19:11:34;psimon;442;0.0;0.0
361;2025-10-22 19:11:34;kworker/u16:6-events_unbound;469;0.0;0.0
362;2025-10-22 19:11:34;kworker/u16:7-kvfree_rcu_reclaim;470;0.0;0.0
363;2025-10-22 19:11:34;kworker/u16:14-events_unbound;480;0.0;0.0
364;2025-10-22 19:11:34;irq/156-mei_me;523;0.0;0.0
365;2025-10-22 19:11:34;kworker/R-cfg80211;539;0.0;0.0
366;2025-10-22 19:11:34;kworker/R-cryptd;553;0.0;0.0
367;2025-10-22 19:11:34;irq/157-iwlwifi:default_queue;555;0.0;0.0
368;2025-10-22 19:11:34;irq/158-iwlwifi:queue_1;556;0.0;0.0
369;2025-10-22 19:11:34;irq/159-iwlwifi:queue_2;557;0.0;0.0
370;2025-10-22 19:11:34;irq/160-iwlwifi:queue_3;558;0.0;0.0
371;2025-10-22 19:11:34;irq/161-iwlwifi:queue_4;559;0.0;0.0
372;2025-10-22 19:11:34;irq/162-iwlwifi:exception;561;0.0;0.0
373;2025-10-22 19:11:34;kworker/R-ttm;609;0.0;0.0
374;2025-10-22 19:11:34;card1-crtc0;623;0.0;0.0
375;2025-10-22 19:11:34;card1-crtc1;624;0.0;0.0
376;2025-10-22 19:11:34;card1-crtc2;625;0.0;0.0
377;2025-10-22 19:11:34;card1-crtc3;626;0.0;0.0
378;2025-10-22 19:11:34;systemd-oomd;701;0.0;0.0938
379;2025-10-22 19:11:34;systemd-resolved;714;0.0;0.1696
380;2025-10-22 19:11:34;systemd-timesyncd;715;0.0;0.1
381;2025-10-22 19:11:34;avahi-daemon;849;0.0;0.0542
382;2025-10-22 19:11:34;bluetoothd;850;0.0;0.0701
383;2025-10-22 19:11:34;dbus-daemon;851;0.9;0.0948
384;2025-10-22 19:11:34;gnome-remote-desktop-daemon;854;0.0;0.1964
385;2025-10-22 19:11:34;polkitd;860;0.0;0.1626
386;2025-10-22 19:11:34;power-profiles-daemon;865;0.0;0.1063
387;2025-10-22 19:11:34;snapd;875;0.0;0.5555
388;2025-10-22 19:11:34;accounts-daemon;877;0.0;0.1088
389;2025-10-22 19:11:34;cron;878;0.0;0.0346
390;2025-10-22 19:11:34;switcheroo-control;879;0.0;0.0876
391;2025-10-22 19:11:34;systemd-logind;881;0.0;0.1156
392;2025-10-22 19:11:34;thermald;882;0.0;0.1433
393;2025-10-22 19:11:34;udisksd;883;0.0;0.1677
394;2025-10-22 19:11:34;rsyslogd;932;0.0;0.0756
395;2025-10-22 19:11:34;avahi-daemon;941;0.0;0.0157
396;2025-10-22 19:11:34;NetworkManager;944;0.9;0.256
397;2025-10-22 19:11:34;wpa_supplicant;946;0.9;0.1441
398;2025-10-22 19:11:34;ModemManager;1004;0.0;0.1285
399;2025-10-22 19:11:34;irq/164-AudioDSP;1030;0.0;0.0
400;2025-10-22 19:11:34;kworker/R-iprt-VBoxWQueue;1684;0.0;0.0
401;2025-10-22 19:11:34;iprt-VBoxTscThread;1688;0.0;0.0
402;2025-10-22 19:11:34;cupsd;1714;0.0;0.144
403;2025-10-22 19:11:34;unattended-upgr;1721;0.0;0.2925
404;2025-10-22 19:11:34;gdm3;1740;0.0;0.1186
405;2025-10-22 19:11:34;mysqld;1748;0.9;5.5678
406;2025-10-22 19:11:34;rtkit-daemon;1862;0.0;0.0414
407;2025-10-22 19:11:34;krfcommd;1966;0.0;0.0
408;2025-10-22 19:11:34;colord;2047;0.0;0.1882
409;2025-10-22 19:11:34;upowerd;2086;0.0;0.1338
410;2025-10-22 19:11:34;cups-browsed;2430;0.0;0.2451
411;2025-10-22 19:11:34;kerneloops;2435;0.0;0.0269
412;2025-10-22 19:11:34;kerneloops;2439;0.0;0.0271
413;2025-10-22 19:11:34;gdm-session-worker;2496;0.0;0.1386
414;2025-10-22 19:11:34;systemd;2517;0.0;0.1686
415;2025-10-22 19:11:34;(sd-pam);2522;0.0;0.0431
416;2025-10-22 19:11:34;pipewire;2533;1.8;0.2932
417;2025-10-22 19:11:34;pipewire;2536;0.0;0.0763
418;2025-10-22 19:11:34;snapd-desktop-integration;2541;0.0;0.15
419;2025-10-22 19:11:34;wireplumber;2545;0.0;0.4158
420;2025-10-22 19:11:34;pipewire-pulse;2548;3.6;0.5036
421;2025-10-22 19:11:34;dbus-daemon;2550;0.0;0.085
422;2025-10-22 19:11:34;gnome-keyring-daemon;2554;0.0;0.133
423;2025-10-22 19:11:34;xdg-document-portal;2596;0.0;0.0954
424;2025-10-22 19:11:34;xdg-permission-store;2600;0.0;0.0802
425;2025-10-22 19:11:34;fusermount3;2607;0.0;0.0256
426;2025-10-22 19:11:34;gdm-wayland-session;2630;0.0;0.0813
427;2025-10-22 19:11:34;gnome-session-binary;2637;0.0;0.2106
428;2025-10-22 19:11:34;gcr-ssh-agent;2711;0.0;0.0846
429;2025-10-22 19:11:34;gnome-session-ctl;2712;0.0;0.0729
430;2025-10-22 19:11:34;gvfsd;2726;0.0;0.1017
431;2025-10-22 19:11:34;gvfsd-fuse;2734;0.0;0.096
432;2025-10-22 19:11:34;gnome-session-binary;2737;0.0;0.2426
433;2025-10-22 19:11:34;at-spi-bus-launcher;2768;0.0;0.0987
434;2025-10-22 19:11:34;dbus-daemon;2781;0.0;0.0628
435;2025-10-22 19:11:34;gnome-shell;2782;2.7;3.9666
436;2025-10-22 19:11:34;at-spi2-registryd;2879;0.0;0.0926
437;2025-10-22 19:11:34;snapd-desktop-integration;2894;0.0;0.3888
438;2025-10-22 19:11:34;gnome-shell-calendar-server;2921;0.0;0.1894
439;2025-10-22 19:11:34;evolution-source-registry;2929;0.0;0.5462
440;2025-10-22 19:11:34;dconf-service;2933;0.0;0.0776
441;2025-10-22 19:11:34;gjs;2943;0.0;0.2809
442;2025-10-22 19:11:34;goa-daemon;2952;0.0;0.2643
443;2025-10-22 19:11:34;ibus-daemon;2953;0.0;0.1611
444;2025-10-22 19:11:34;gsd-a11y-settings;2959;0.0;0.0899
445;2025-10-22 19:11:34;gsd-color;2963;0.0;0.2678
446;2025-10-22 19:11:34;gsd-datetime;2965;0.0;0.1619
447;2025-10-22 19:11:34;gsd-housekeeping;2969;0.0;0.1084
448;2025-10-22 19:11:34;gsd-keyboard;2972;0.0;0.2594
449;2025-10-22 19:11:34;gsd-media-keys;2974;0.0;0.3262
450;2025-10-22 19:11:34;gsd-power;2975;0.0;0.3112
451;2025-10-22 19:11:34;gsd-print-notifications;2976;0.0;0.1462
452;2025-10-22 19:11:34;gsd-rfkill;2978;0.0;0.0846
453;2025-10-22 19:11:34;gsd-screensaver-proxy;2980;0.0;0.0827
454;2025-10-22 19:11:34;gsd-sharing;2981;0.0;0.1534
455;2025-10-22 19:11:34;gsd-smartcard;2982;0.0;0.1046
456;2025-10-22 19:11:34;gsd-sound;2983;0.0;0.1244
457;2025-10-22 19:11:34;gsd-wacom;2984;0.0;0.2699
458;2025-10-22 19:11:34;gnome-software;3007;0.0;3.528
459;2025-10-22 19:11:34;evolution-alarm-notify;3018;0.0;0.8164
460;2025-10-22 19:11:34;gsd-disk-utility-notify;3025;0.0;0.0976
461;2025-10-22 19:11:34;evolution-calendar-factory;3111;0.0;0.3168
462;2025-10-22 19:11:34;gvfs-udisks2-volume-monitor;3129;0.0;0.1429
463;2025-10-22 19:11:34;goa-identity-service;3136;0.0;0.1118
464;2025-10-22 19:11:34;ibus-dconf;3175;0.0;0.0935
465;2025-10-22 19:11:34;ibus-extension-gtk3;3193;0.0;0.3861
466;2025-10-22 19:11:34;evolution-addressbook-factory;3195;0.0;0.3827
467;2025-10-22 19:11:34;ibus-portal;3202;0.0;0.0896
468;2025-10-22 19:11:34;gsd-printer;3219;0.0;0.192
469;2025-10-22 19:11:34;gvfs-goa-volume-monitor;3223;0.0;0.0852
470;2025-10-22 19:11:34;gvfs-afc-volume-monitor;3238;0.0;0.1012
471;2025-10-22 19:11:34;gvfs-gphoto2-volume-monitor;3248;0.0;0.09
472;2025-10-22 19:11:34;gvfs-mtp-volume-monitor;3256;0.0;0.0845
473;2025-10-22 19:11:34;ibus-engine-simple;3276;0.0;0.0982
474;2025-10-22 19:11:34;gvfsd-trash;3305;0.0;0.1245
475;2025-10-22 19:11:34;xdg-desktop-portal;3324;0.0;0.1977
476;2025-10-22 19:11:34;tracker-miner-fs-3;3344;0.0;0.4013
477;2025-10-22 19:11:34;xdg-desktop-portal-gnome;3345;0.0;1.6789
478;2025-10-22 19:11:34;gjs;3358;0.0;0.2863
479;2025-10-22 19:11:34;gjs;3385;0.0;0.8568
480;2025-10-22 19:11:34;xdg-desktop-portal-gtk;3449;0.0;0.345
481;2025-10-22 19:11:34;gvfsd-metadata;3458;0.0;0.0854
482;2025-10-22 19:11:34;fwupd;3494;0.0;0.5628
483;2025-10-22 19:11:34;Xwayland;4173;0.0;1.8003
484;2025-10-22 19:11:34;gsd-xsettings;4183;0.0;1.0768
485;2025-10-22 19:11:34;ibus-x11;4208;0.0;0.3254
486;2025-10-22 19:11:34;mutter-x11-frames;4214;0.0;1.5151
487;2025-10-22 19:11:34;update-notifier;4886;0.0;0.4104
488;2025-10-22 19:11:34;gnome-control-center;4950;0.9;1.9999
489;2025-10-22 19:11:34;snap;5247;0.0;0.2675
490;2025-10-22 19:11:34;kworker/u17:3-rb_allocator;6125;0.0;0.0
491;2025-10-22 19:11:34;gvfsd-recent;6199;0.0;0.1179
492;2025-10-22 19:11:34;Discord;6451;0.9;2.1477
493;2025-10-22 19:11:34;Discord;6556;0.0;0.6093
494;2025-10-22 19:11:34;Discord;6557;0.0;0.6083
495;2025-10-22 19:11:34;chrome_crashpad_handler;6573;0.0;0.0392
496;2025-10-22 19:11:34;Discord;6605;0.0;1.8658
497;2025-10-22 19:11:34;Discord;6624;0.0;0.942
498;2025-10-22 19:11:34;Discord;6728;92.9;8.3497
499;2025-10-22 19:11:34;Discord;6771;0.0;0.7413
500;2025-10-22 19:11:34;psimon;7465;0.0;0.0
501;2025-10-22 19:11:34;rstudio;7567;0.0;2.1369
502;2025-10-22 19:11:34;rstudio;7571;0.0;0.651
503;2025-10-22 19:11:34;chrome-sandbox;7572;0.0;0.0206
504;2025-10-22 19:11:34;rstudio;7573;0.0;0.6568
505;2025-10-22 19:11:34;rstudio;7576;0.0;0.1672
506;2025-10-22 19:11:34;rsession;7671;0.0;2.6984
507;2025-10-22 19:11:34;rstudio;7678;0.0;0.9125
508;2025-10-22 19:11:34;rstudio;7699;0.0;3.0256
509;2025-10-22 19:11:34;rstudio;7766;0.0;1.9437
510;2025-10-22 19:11:34;gnome-calendar;7961;0.0;0.8053
511;2025-10-22 19:11:34;nautilus;8654;0.0;2.1477
512;2025-10-22 19:11:34;gnome-terminal-server;8767;0.0;0.6673
513;2025-10-22 19:11:34;bash;8777;0.0;0.0699
514;2025-10-22 19:11:34;code;8837;0.0;2.0657
515;2025-10-22 19:11:34;code;8839;0.0;0.6354
516;2025-10-22 19:11:34;code;8840;0.0;0.6356
517;2025-10-22 19:11:34;chrome_crashpad_handler;8855;0.0;0.0422
518;2025-10-22 19:11:34;code;8893;0.0;0.8785
519;2025-10-22 19:11:34;code;8944;4.5;5.0436
520;2025-10-22 19:11:34;code;8967;37.9;2.531
521;2025-10-22 19:11:34;code;8984;0.0;7.6897
522;2025-10-22 19:11:34;code;8996;0.0;1.4743
523;2025-10-22 19:11:34;code;8997;0.0;1.4064
524;2025-10-22 19:11:34;code;9039;0.0;1.4401
525;2025-10-22 19:11:34;pet;9093;0.0;0.0411
526;2025-10-22 19:11:34;bash;9211;0.0;0.0685
527;2025-10-22 19:11:34;code;9426;0.0;6.5721
528;2025-10-22 19:11:34;bash;9437;0.0;0.0702
529;2025-10-22 19:11:34;bash;9521;0.0;0.07
530;2025-10-22 19:11:34;mysql-workbench;9635;0.0;0.0411
531;2025-10-22 19:11:34;mysql-workbench-bin;9783;0.9;2.4467
532;2025-10-22 19:11:34;uuidd;9804;0.0;0.044
533;2025-10-22 19:11:34;kworker/u16:0-events_power_efficient;10423;0.0;0.0
534;2025-10-22 19:11:34;kworker/2:1-events;10478;0.0;0.0
535;2025-10-22 19:11:34;kworker/3:0-i915-unordered;10528;0.0;0.0
536;2025-10-22 19:11:34;kworker/u17:1-i915_flip;10533;0.0;0.0
537;2025-10-22 19:11:34;kworker/0:0-events;10547;0.0;0.0
538;2025-10-22 19:11:34;kworker/1:0-events;10593;0.0;0.0
539;2025-10-22 19:11:34;kworker/3:2-i915-unordered;10596;0.0;0.0
540;2025-10-22 19:11:34;kworker/2:0-i915-unordered;10613;0.0;0.0
541;2025-10-22 19:11:34;kworker/u17:0-rb_allocator;10616;0.0;0.0
542;2025-10-22 19:11:34;kworker/0:2-events;10623;0.9;0.0
543;2025-10-22 19:11:34;kworker/2:2-events;10691;0.0;0.0
544;2025-10-22 19:11:34;kworker/0:1-events;10813;0.0;0.0
545;2025-10-22 19:11:34;kworker/1:2;10939;0.0;0.0
546;2025-10-22 19:11:34;kworker/3:1-events;10950;0.0;0.0
547;2025-10-22 19:11:34;python;10958;7.2;1.0114
548;2025-10-22 19:11:35;systemd;1;0.0;0.1792
549;2025-10-22 19:11:35;kthreadd;2;0.0;0.0
550;2025-10-22 19:11:35;pool_workqueue_release;3;0.0;0.0
551;2025-10-22 19:11:35;kworker/R-rcu_gp;4;0.0;0.0
552;2025-10-22 19:11:35;kworker/R-sync_wq;5;0.0;0.0
553;2025-10-22 19:11:35;kworker/R-kvfree_rcu_reclaim;6;0.0;0.0
554;2025-10-22 19:11:35;kworker/R-slub_flushwq;7;0.0;0.0
555;2025-10-22 19:11:35;kworker/R-netns;8;0.0;0.0
556;2025-10-22 19:11:35;kworker/0:0H-events_highpri;10;0.0;0.0
557;2025-10-22 19:11:35;kworker/R-mm_percpu_wq;13;0.0;0.0
558;2025-10-22 19:11:35;rcu_tasks_kthread;14;0.0;0.0
559;2025-10-22 19:11:35;rcu_tasks_rude_kthread;15;0.0;0.0
560;2025-10-22 19:11:35;rcu_tasks_trace_kthread;16;0.0;0.0
561;2025-10-22 19:11:35;ksoftirqd/0;17;0.0;0.0
562;2025-10-22 19:11:35;rcu_preempt;18;0.0;0.0
563;2025-10-22 19:11:35;rcu_exp_par_gp_kthread_worker/0;19;0.0;0.0
564;2025-10-22 19:11:35;rcu_exp_gp_kthread_worker;20;0.0;0.0
565;2025-10-22 19:11:35;migration/0;21;0.0;0.0
566;2025-10-22 19:11:35;idle_inject/0;22;0.0;0.0
567;2025-10-22 19:11:35;cpuhp/0;23;0.0;0.0
568;2025-10-22 19:11:35;cpuhp/1;24;0.0;0.0
569;2025-10-22 19:11:35;idle_inject/1;25;0.0;0.0
570;2025-10-22 19:11:35;migration/1;26;0.0;0.0
571;2025-10-22 19:11:35;ksoftirqd/1;27;0.0;0.0
572;2025-10-22 19:11:35;kworker/1:0H-events_highpri;29;0.0;0.0
573;2025-10-22 19:11:35;cpuhp/2;30;0.0;0.0
574;2025-10-22 19:11:35;idle_inject/2;31;0.0;0.0
575;2025-10-22 19:11:35;migration/2;32;0.0;0.0
576;2025-10-22 19:11:35;ksoftirqd/2;33;0.0;0.0
577;2025-10-22 19:11:35;kworker/2:0H-kblockd;35;0.0;0.0
578;2025-10-22 19:11:35;cpuhp/3;36;0.0;0.0
579;2025-10-22 19:11:35;idle_inject/3;37;0.0;0.0
580;2025-10-22 19:11:35;migration/3;38;0.0;0.0
581;2025-10-22 19:11:35;ksoftirqd/3;39;0.0;0.0
582;2025-10-22 19:11:35;kworker/3:0H-events_highpri;41;0.0;0.0
583;2025-10-22 19:11:35;kdevtmpfs;42;0.0;0.0
584;2025-10-22 19:11:35;kworker/R-inet_frag_wq;43;0.0;0.0
585;2025-10-22 19:11:35;kauditd;44;0.0;0.0
586;2025-10-22 19:11:35;khungtaskd;45;0.0;0.0
587;2025-10-22 19:11:35;oom_reaper;46;0.0;0.0
588;2025-10-22 19:11:35;kworker/R-writeback;49;0.0;0.0
589;2025-10-22 19:11:35;kcompactd0;50;0.0;0.0
590;2025-10-22 19:11:35;ksmd;51;0.0;0.0
591;2025-10-22 19:11:35;khugepaged;52;0.0;0.0
592;2025-10-22 19:11:35;kworker/R-kintegrityd;53;0.0;0.0
593;2025-10-22 19:11:35;kworker/R-kblockd;54;0.0;0.0
594;2025-10-22 19:11:35;kworker/R-blkcg_punt_bio;55;0.0;0.0
595;2025-10-22 19:11:35;irq/9-acpi;56;0.0;0.0
596;2025-10-22 19:11:35;kworker/1:1-events;57;0.0;0.0
597;2025-10-22 19:11:35;kworker/R-tpm_dev_wq;59;0.0;0.0
598;2025-10-22 19:11:35;kworker/R-ata_sff;60;0.0;0.0
599;2025-10-22 19:11:35;kworker/R-md;61;0.0;0.0
600;2025-10-22 19:11:35;kworker/R-md_bitmap;62;0.0;0.0
601;2025-10-22 19:11:35;kworker/R-edac-poller;63;0.0;0.0
602;2025-10-22 19:11:35;kworker/R-devfreq_wq;64;0.0;0.0
603;2025-10-22 19:11:35;watchdogd;65;0.0;0.0
604;2025-10-22 19:11:35;kworker/0:1H-kblockd;66;0.0;0.0
605;2025-10-22 19:11:35;kswapd0;68;0.0;0.0
606;2025-10-22 19:11:35;ecryptfs-kthread;69;0.0;0.0
607;2025-10-22 19:11:35;kworker/R-kthrotld;70;0.0;0.0
608;2025-10-22 19:11:35;irq/122-aerdrv;71;0.0;0.0
609;2025-10-22 19:11:35;irq/122-pcie-dpc;72;0.0;0.0
610;2025-10-22 19:11:35;kworker/R-acpi_thermal_pm;73;0.0;0.0
611;2025-10-22 19:11:35;hwrng;74;0.0;0.0
612;2025-10-22 19:11:35;kworker/R-mld;75;0.0;0.0
613;2025-10-22 19:11:35;kworker/R-ipv6_addrconf;76;0.0;0.0
614;2025-10-22 19:11:35;kworker/R-kstrp;84;0.0;0.0
615;2025-10-22 19:11:35;kworker/R-charger_manager;100;0.0;0.0
616;2025-10-22 19:11:35;kworker/3:1H-kblockd;125;0.0;0.0
617;2025-10-22 19:11:35;kworker/2:1H;154;0.0;0.0
618;2025-10-22 19:11:35;kworker/1:1H-kblockd;155;0.0;0.0
619;2025-10-22 19:11:35;irq/148-ELAN050A:01;206;0.0;0.0
620;2025-10-22 19:11:35;irq/149-aerdrv;207;0.0;0.0
621;2025-10-22 19:11:35;irq/149-pcie-dpc;208;0.0;0.0
622;2025-10-22 19:11:35;scsi_eh_0;210;0.0;0.0
623;2025-10-22 19:11:35;kworker/R-scsi_tmf_0;211;0.0;0.0
624;2025-10-22 19:11:35;scsi_eh_1;212;0.0;0.0
625;2025-10-22 19:11:35;kworker/R-scsi_tmf_1;213;0.0;0.0
626;2025-10-22 19:11:35;kworker/R-nvme-wq;214;0.0;0.0
627;2025-10-22 19:11:35;kworker/R-nvme-reset-wq;215;0.0;0.0
628;2025-10-22 19:11:35;kworker/R-nvme-delete-wq;216;0.0;0.0
629;2025-10-22 19:11:35;kworker/R-nvme-auth-wq;217;0.0;0.0
630;2025-10-22 19:11:35;jbd2/nvme0n1p2-8;257;0.0;0.0
631;2025-10-22 19:11:35;kworker/R-ext4-rsv-conversion;258;0.0;0.0
632;2025-10-22 19:11:35;systemd-journald;308;0.0;0.2738
633;2025-10-22 19:11:35;systemd-udevd;404;0.0;0.1093
634;2025-10-22 19:11:35;psimon;442;0.0;0.0
635;2025-10-22 19:11:35;kworker/u16:6-writeback;469;0.0;0.0
636;2025-10-22 19:11:35;kworker/u16:7-kvfree_rcu_reclaim;470;0.0;0.0
637;2025-10-22 19:11:35;kworker/u16:14-writeback;480;0.0;0.0
638;2025-10-22 19:11:35;irq/156-mei_me;523;0.0;0.0
639;2025-10-22 19:11:35;kworker/R-cfg80211;539;0.0;0.0
640;2025-10-22 19:11:35;kworker/R-cryptd;553;0.0;0.0
641;2025-10-22 19:11:35;irq/157-iwlwifi:default_queue;555;0.9;0.0
642;2025-10-22 19:11:35;irq/158-iwlwifi:queue_1;556;0.0;0.0
643;2025-10-22 19:11:35;irq/159-iwlwifi:queue_2;557;0.0;0.0
644;2025-10-22 19:11:35;irq/160-iwlwifi:queue_3;558;0.9;0.0
645;2025-10-22 19:11:35;irq/161-iwlwifi:queue_4;559;0.0;0.0
646;2025-10-22 19:11:35;irq/162-iwlwifi:exception;561;0.0;0.0
647;2025-10-22 19:11:35;kworker/R-ttm;609;0.0;0.0
648;2025-10-22 19:11:35;card1-crtc0;623;0.0;0.0
649;2025-10-22 19:11:35;card1-crtc1;624;0.0;0.0
650;2025-10-22 19:11:35;card1-crtc2;625;0.0;0.0
651;2025-10-22 19:11:35;card1-crtc3;626;0.0;0.0
652;2025-10-22 19:11:35;systemd-oomd;701;0.0;0.0938
653;2025-10-22 19:11:35;systemd-resolved;714;0.0;0.1696
654;2025-10-22 19:11:35;systemd-timesyncd;715;0.0;0.1
655;2025-10-22 19:11:35;avahi-daemon;849;0.0;0.0542
656;2025-10-22 19:11:35;bluetoothd;850;0.0;0.0701
657;2025-10-22 19:11:35;dbus-daemon;851;0.0;0.0948
658;2025-10-22 19:11:35;gnome-remote-desktop-daemon;854;0.0;0.1964
659;2025-10-22 19:11:35;polkitd;860;0.0;0.1626
660;2025-10-22 19:11:35;power-profiles-daemon;865;0.0;0.1063
661;2025-10-22 19:11:35;snapd;875;0.0;0.5555
662;2025-10-22 19:11:35;accounts-daemon;877;0.0;0.1088
663;2025-10-22 19:11:35;cron;878;0.0;0.0346
664;2025-10-22 19:11:35;switcheroo-control;879;0.0;0.0876
665;2025-10-22 19:11:35;systemd-logind;881;0.0;0.1156
666;2025-10-22 19:11:35;thermald;882;0.0;0.1433
667;2025-10-22 19:11:35;udisksd;883;0.0;0.1677
668;2025-10-22 19:11:35;rsyslogd;932;0.0;0.0756
669;2025-10-22 19:11:35;avahi-daemon;941;0.0;0.0157
670;2025-10-22 19:11:35;NetworkManager;944;0.0;0.256
671;2025-10-22 19:11:35;wpa_supplicant;946;0.0;0.1441
672;2025-10-22 19:11:35;ModemManager;1004;0.0;0.1285
673;2025-10-22 19:11:35;irq/164-AudioDSP;1030;0.0;0.0
674;2025-10-22 19:11:35;kworker/R-iprt-VBoxWQueue;1684;0.0;0.0
675;2025-10-22 19:11:35;iprt-VBoxTscThread;1688;0.0;0.0
676;2025-10-22 19:11:35;cupsd;1714;0.0;0.144
677;2025-10-22 19:11:35;unattended-upgr;1721;0.0;0.2925
678;2025-10-22 19:11:35;gdm3;1740;0.0;0.1186
679;2025-10-22 19:11:35;mysqld;1748;1.8;5.5678
680;2025-10-22 19:11:35;rtkit-daemon;1862;0.0;0.0414
681;2025-10-22 19:11:35;krfcommd;1966;0.0;0.0
682;2025-10-22 19:11:35;colord;2047;0.0;0.1882
683;2025-10-22 19:11:35;upowerd;2086;0.0;0.1338
684;2025-10-22 19:11:35;cups-browsed;2430;0.0;0.2451
685;2025-10-22 19:11:35;kerneloops;2435;0.0;0.0269
686;2025-10-22 19:11:35;kerneloops;2439;0.0;0.0271
687;2025-10-22 19:11:35;gdm-session-worker;2496;0.0;0.1386
688;2025-10-22 19:11:35;systemd;2517;0.0;0.1686
689;2025-10-22 19:11:35;(sd-pam);2522;0.0;0.0431
690;2025-10-22 19:11:35;pipewire;2533;1.8;0.2932
691;2025-10-22 19:11:35;pipewire;2536;0.0;0.0763
692;2025-10-22 19:11:35;snapd-desktop-integration;2541;0.0;0.15
693;2025-10-22 19:11:35;wireplumber;2545;0.0;0.4158
694;2025-10-22 19:11:35;pipewire-pulse;2548;3.6;0.5036
695;2025-10-22 19:11:35;dbus-daemon;2550;0.0;0.085
696;2025-10-22 19:11:35;gnome-keyring-daemon;2554;0.0;0.133
697;2025-10-22 19:11:35;xdg-document-portal;2596;0.0;0.0954
698;2025-10-22 19:11:35;xdg-permission-store;2600;0.0;0.0802
699;2025-10-22 19:11:35;fusermount3;2607;0.0;0.0256
700;2025-10-22 19:11:35;gdm-wayland-session;2630;0.0;0.0813
701;2025-10-22 19:11:35;gnome-session-binary;2637;0.0;0.2106
702;2025-10-22 19:11:35;gcr-ssh-agent;2711;0.0;0.0846
703;2025-10-22 19:11:35;gnome-session-ctl;2712;0.0;0.0729
704;2025-10-22 19:11:35;gvfsd;2726;0.0;0.1017
705;2025-10-22 19:11:35;gvfsd-fuse;2734;0.0;0.096
706;2025-10-22 19:11:35;gnome-session-binary;2737;0.0;0.2426
707;2025-10-22 19:11:35;at-spi-bus-launcher;2768;0.0;0.0987
708;2025-10-22 19:11:35;dbus-daemon;2781;0.0;0.0628
709;2025-10-22 19:11:35;gnome-shell;2782;0.0;3.9666
710;2025-10-22 19:11:35;at-spi2-registryd;2879;0.0;0.0926
711;2025-10-22 19:11:35;snapd-desktop-integration;2894;0.0;0.3888
712;2025-10-22 19:11:35;gnome-shell-calendar-server;2921;0.0;0.1894
713;2025-10-22 19:11:35;evolution-source-registry;2929;0.0;0.5462
714;2025-10-22 19:11:35;dconf-service;2933;0.0;0.0776
715;2025-10-22 19:11:35;gjs;2943;0.0;0.2809
716;2025-10-22 19:11:35;goa-daemon;2952;0.0;0.2643
717;2025-10-22 19:11:35;ibus-daemon;2953;0.0;0.1611
718;2025-10-22 19:11:35;gsd-a11y-settings;2959;0.0;0.0899
719;2025-10-22 19:11:35;gsd-color;2963;0.0;0.2678
720;2025-10-22 19:11:35;gsd-datetime;2965;0.0;0.1619
721;2025-10-22 19:11:35;gsd-housekeeping;2969;0.0;0.1084
722;2025-10-22 19:11:35;gsd-keyboard;2972;0.0;0.2594
723;2025-10-22 19:11:35;gsd-media-keys;2974;0.0;0.3262
724;2025-10-22 19:11:35;gsd-power;2975;0.0;0.3112
725;2025-10-22 19:11:35;gsd-print-notifications;2976;0.0;0.1462
726;2025-10-22 19:11:35;gsd-rfkill;2978;0.0;0.0846
727;2025-10-22 19:11:35;gsd-screensaver-proxy;2980;0.0;0.0827
728;2025-10-22 19:11:35;gsd-sharing;2981;0.0;0.1534
729;2025-10-22 19:11:35;gsd-smartcard;2982;0.0;0.1046
730;2025-10-22 19:11:35;gsd-sound;2983;0.0;0.1244
731;2025-10-22 19:11:35;gsd-wacom;2984;0.0;0.2699
732;2025-10-22 19:11:35;gnome-software;3007;0.0;3.528
733;2025-10-22 19:11:35;evolution-alarm-notify;3018;0.0;0.8164
734;2025-10-22 19:11:35;gsd-disk-utility-notify;3025;0.0;0.0976
735;2025-10-22 19:11:35;evolution-calendar-factory;3111;0.0;0.3168
736;2025-10-22 19:11:35;gvfs-udisks2-volume-monitor;3129;0.0;0.1429
737;2025-10-22 19:11:35;goa-identity-service;3136;0.0;0.1118
738;2025-10-22 19:11:35;ibus-dconf;3175;0.0;0.0935
739;2025-10-22 19:11:35;ibus-extension-gtk3;3193;0.0;0.3861
740;2025-10-22 19:11:35;evolution-addressbook-factory;3195;0.0;0.3827
741;2025-10-22 19:11:35;ibus-portal;3202;0.0;0.0896
742;2025-10-22 19:11:35;gsd-printer;3219;0.0;0.192
743;2025-10-22 19:11:35;gvfs-goa-volume-monitor;3223;0.0;0.0852
744;2025-10-22 19:11:35;gvfs-afc-volume-monitor;3238;0.0;0.1012
745;2025-10-22 19:11:35;gvfs-gphoto2-volume-monitor;3248;0.0;0.09
746;2025-10-22 19:11:35;gvfs-mtp-volume-monitor;3256;0.0;0.0845
747;2025-10-22 19:11:35;ibus-engine-simple;3276;0.0;0.0982
748;2025-10-22 19:11:35;gvfsd-trash;3305;0.0;0.1245
749;2025-10-22 19:11:35;xdg-desktop-portal;3324;0.0;0.1977
750;2025-10-22 19:11:35;tracker-miner-fs-3;3344;0.0;0.4013
751;2025-10-22 19:11:35;xdg-desktop-portal-gnome;3345;0.0;1.6789
752;2025-10-22 19:11:35;gjs;3358;0.0;0.2863
753;2025-10-22 19:11:35;gjs;3385;0.0;0.8568
754;2025-10-22 19:11:35;xdg-desktop-portal-gtk;3449;0.0;0.345
755;2025-10-22 19:11:35;gvfsd-metadata;3458;0.0;0.0854
756;2025-10-22 19:11:35;fwupd;3494;0.0;0.5628
757;2025-10-22 19:11:35;Xwayland;4173;0.9;1.8003
758;2025-10-22 19:11:35;gsd-xsettings;4183;0.0;1.0768
759;2025-10-22 19:11:35;ibus-x11;4208;0.0;0.3254
760;2025-10-22 19:11:35;mutter-x11-frames;4214;0.0;1.5151
761;2025-10-22 19:11:35;update-notifier;4886;0.0;0.4104
762;2025-10-22 19:11:35;gnome-control-center;4950;0.9;1.9999
763;2025-10-22 19:11:35;snap;5247;0.0;0.2675
764;2025-10-22 19:11:35;kworker/u17:3-rb_allocator;6125;0.0;0.0
765;2025-10-22 19:11:35;gvfsd-recent;6199;0.0;0.1179
766;2025-10-22 19:11:35;Discord;6451;0.0;2.1477
767;2025-10-22 19:11:35;Discord;6556;0.0;0.6093
768;2025-10-22 19:11:35;Discord;6557;0.0;0.6083
769;2025-10-22 19:11:35;chrome_crashpad_handler;6573;0.0;0.0392
770;2025-10-22 19:11:35;Discord;6605;0.9;1.8658
771;2025-10-22 19:11:35;Discord;6624;0.0;0.942
772;2025-10-22 19:11:35;Discord;6728;84.9;8.351
773;2025-10-22 19:11:35;Discord;6771;0.0;0.7413
774;2025-10-22 19:11:35;psimon;7465;0.0;0.0
775;2025-10-22 19:11:35;rstudio;7567;0.0;2.1369
776;2025-10-22 19:11:35;rstudio;7571;0.0;0.651
777;2025-10-22 19:11:35;chrome-sandbox;7572;0.0;0.0206
778;2025-10-22 19:11:35;rstudio;7573;0.0;0.6568
779;2025-10-22 19:11:35;rstudio;7576;0.0;0.1672
780;2025-10-22 19:11:35;rsession;7671;0.9;2.6984
781;2025-10-22 19:11:35;rstudio;7678;0.0;0.9125
782;2025-10-22 19:11:35;rstudio;7699;0.0;3.0256
783;2025-10-22 19:11:35;rstudio;7766;0.0;1.9437
784;2025-10-22 19:11:35;gnome-calendar;7961;0.0;0.8053
785;2025-10-22 19:11:35;nautilus;8654;0.0;2.1477
786;2025-10-22 19:11:35;gnome-terminal-server;8767;0.0;0.6673
787;2025-10-22 19:11:35;bash;8777;0.0;0.0699
788;2025-10-22 19:11:35;code;8837;0.0;2.0657
789;2025-10-22 19:11:35;code;8839;0.0;0.6354
790;2025-10-22 19:11:35;code;8840;0.0;0.6356
791;2025-10-22 19:11:35;chrome_crashpad_handler;8855;0.0;0.0422
792;2025-10-22 19:11:35;code;8893;0.0;0.8785
793;2025-10-22 19:11:35;code;8944;1.8;5.0378
794;2025-10-22 19:11:35;code;8967;30.7;2.5289
795;2025-10-22 19:11:35;code;8984;0.0;7.6897
796;2025-10-22 19:11:35;code;8996;0.0;1.4743
797;2025-10-22 19:11:35;code;8997;0.0;1.4064
798;2025-10-22 19:11:35;code;9039;2.7;1.4434
799;2025-10-22 19:11:35;pet;9093;0.0;0.0411
800;2025-10-22 19:11:35;bash;9211;0.0;0.0685
801;2025-10-22 19:11:35;code;9426;0.0;6.5721
802;2025-10-22 19:11:35;bash;9437;0.0;0.0702
803;2025-10-22 19:11:35;bash;9521;0.0;0.07
804;2025-10-22 19:11:35;mysql-workbench;9635;0.0;0.0411
805;2025-10-22 19:11:35;mysql-workbench-bin;9783;0.0;2.4467
806;2025-10-22 19:11:35;uuidd;9804;0.0;0.044
807;2025-10-22 19:11:35;kworker/u16:0-events_power_efficient;10423;0.0;0.0
808;2025-10-22 19:11:35;kworker/2:1-events;10478;0.0;0.0
809;2025-10-22 19:11:35;kworker/3:0-events;10528;0.0;0.0
810;2025-10-22 19:11:35;kworker/u17:1-i915_flip;10533;0.0;0.0
811;2025-10-22 19:11:35;kworker/0:0-events;10547;0.0;0.0
812;2025-10-22 19:11:35;kworker/1:0-events;10593;0.0;0.0
813;2025-10-22 19:11:35;kworker/3:2-i915-unordered;10596;0.0;0.0
814;2025-10-22 19:11:35;kworker/2:0-i915-unordered;10613;0.0;0.0
815;2025-10-22 19:11:35;kworker/u17:0-i915_flip;10616;0.0;0.0
816;2025-10-22 19:11:35;kworker/0:2-events;10623;0.0;0.0
817;2025-10-22 19:11:35;kworker/2:2-events;10691;0.0;0.0
818;2025-10-22 19:11:35;kworker/0:1-events;10813;0.0;0.0
819;2025-10-22 19:11:35;kworker/1:2;10939;0.0;0.0
820;2025-10-22 19:11:35;kworker/3:1-events;10950;0.0;0.0
821;2025-10-22 19:11:35;python;10958;6.3;1.0114
822;2025-10-22 19:11:35;sh;11031;0.0;0.021
823;2025-10-22 19:11:35;cpuUsage.sh;11032;0.0;0.0472
824;2025-10-22 19:11:35;sleep;11036;0.0;0.0287
825;2025-10-22 19:11:36;systemd;1;0.0;0.1792
826;2025-10-22 19:11:36;kthreadd;2;0.0;0.0
827;2025-10-22 19:11:36;pool_workqueue_release;3;0.0;0.0
828;2025-10-22 19:11:36;kworker/R-rcu_gp;4;0.0;0.0
829;2025-10-22 19:11:36;kworker/R-sync_wq;5;0.0;0.0
830;2025-10-22 19:11:36;kworker/R-kvfree_rcu_reclaim;6;0.0;0.0
831;2025-10-22 19:11:36;kworker/R-slub_flushwq;7;0.0;0.0
832;2025-10-22 19:11:36;kworker/R-netns;8;0.0;0.0
833;2025-10-22 19:11:36;kworker/0:0H-events_highpri;10;0.0;0.0
834;2025-10-22 19:11:36;kworker/R-mm_percpu_wq;13;0.0;0.0
835;2025-10-22 19:11:36;rcu_tasks_kthread;14;0.0;0.0
836;2025-10-22 19:11:36;rcu_tasks_rude_kthread;15;0.0;0.0
837;2025-10-22 19:11:36;rcu_tasks_trace_kthread;16;0.0;0.0
838;2025-10-22 19:11:36;ksoftirqd/0;17;0.0;0.0
839;2025-10-22 19:11:36;rcu_preempt;18;0.0;0.0
840;2025-10-22 19:11:36;rcu_exp_par_gp_kthread_worker/0;19;0.0;0.0
841;2025-10-22 19:11:36;rcu_exp_gp_kthread_worker;20;0.0;0.0
842;2025-10-22 19:11:36;migration/0;21;0.0;0.0
843;2025-10-22 19:11:36;idle_inject/0;22;0.0;0.0
844;2025-10-22 19:11:36;cpuhp/0;23;0.0;0.0
845;2025-10-22 19:11:36;cpuhp/1;24;0.0;0.0
846;2025-10-22 19:11:36;idle_inject/1;25;0.0;0.0
847;2025-10-22 19:11:36;migration/1;26;0.0;0.0
848;2025-10-22 19:11:36;ksoftirqd/1;27;0.0;0.0
849;2025-10-22 19:11:36;kworker/1:0H-events_highpri;29;0.0;0.0
850;2025-10-22 19:11:36;cpuhp/2;30;0.0;0.0
851;2025-10-22 19:11:36;idle_inject/2;31;0.0;0.0
852;2025-10-22 19:11:36;migration/2;32;0.0;0.0
853;2025-10-22 19:11:36;ksoftirqd/2;33;0.0;0.0
854;2025-10-22 19:11:36;kworker/2:0H-kblockd;35;0.0;0.0
855;2025-10-22 19:11:36;cpuhp/3;36;0.0;0.0
856;2025-10-22 19:11:36;idle_inject/3;37;0.0;0.0
857;2025-10-22 19:11:36;migration/3;38;0.0;0.0
858;2025-10-22 19:11:36;ksoftirqd/3;39;0.0;0.0
859;2025-10-22 19:11:36;kworker/3:0H-events_highpri;41;0.0;0.0
860;2025-10-22 19:11:36;kdevtmpfs;42;0.0;0.0
861;2025-10-22 19:11:36;kworker/R-inet_frag_wq;43;0.0;0.0
862;2025-10-22 19:11:36;kauditd;44;0.9;0.0
863;2025-10-22 19:11:36;khungtaskd;45;0.0;0.0
864;2025-10-22 19:11:36;oom_reaper;46;0.0;0.0
865;2025-10-22 19:11:36;kworker/R-writeback;49;0.0;0.0
866;2025-10-22 19:11:36;kcompactd0;50;0.0;0.0
867;2025-10-22 19:11:36;ksmd;51;0.0;0.0
868;2025-10-22 19:11:36;khugepaged;52;0.0;0.0
869;2025-10-22 19:11:36;kworker/R-kintegrityd;53;0.0;0.0
870;2025-10-22 19:11:36;kworker/R-kblockd;54;0.0;0.0
871;2025-10-22 19:11:36;kworker/R-blkcg_punt_bio;55;0.0;0.0
872;2025-10-22 19:11:36;irq/9-acpi;56;0.0;0.0
873;2025-10-22 19:11:36;kworker/1:1-events;57;0.0;0.0
874;2025-10-22 19:11:36;kworker/R-tpm_dev_wq;59;0.0;0.0
875;2025-10-22 19:11:36;kworker/R-ata_sff;60;0.0;0.0
876;2025-10-22 19:11:36;kworker/R-md;61;0.0;0.0
877;2025-10-22 19:11:36;kworker/R-md_bitmap;62;0.0;0.0
878;2025-10-22 19:11:36;kworker/R-edac-poller;63;0.0;0.0
879;2025-10-22 19:11:36;kworker/R-devfreq_wq;64;0.0;0.0
880;2025-10-22 19:11:36;watchdogd;65;0.0;0.0
881;2025-10-22 19:11:36;kworker/0:1H-kblockd;66;0.0;0.0
882;2025-10-22 19:11:36;kswapd0;68;0.0;0.0
883;2025-10-22 19:11:36;ecryptfs-kthread;69;0.0;0.0
884;2025-10-22 19:11:36;kworker/R-kthrotld;70;0.0;0.0
885;2025-10-22 19:11:36;irq/122-aerdrv;71;0.0;0.0
886;2025-10-22 19:11:36;irq/122-pcie-dpc;72;0.0;0.0
887;2025-10-22 19:11:36;kworker/R-acpi_thermal_pm;73;0.0;0.0
888;2025-10-22 19:11:36;hwrng;74;0.0;0.0
889;2025-10-22 19:11:36;kworker/R-mld;75;0.0;0.0
890;2025-10-22 19:11:36;kworker/R-ipv6_addrconf;76;0.0;0.0
891;2025-10-22 19:11:36;kworker/R-kstrp;84;0.0;0.0
892;2025-10-22 19:11:36;kworker/R-charger_manager;100;0.0;0.0
893;2025-10-22 19:11:36;kworker/3:1H-kblockd;125;0.0;0.0
894;2025-10-22 19:11:36;kworker/2:1H;154;0.0;0.0
895;2025-10-22 19:11:36;kworker/1:1H-kblockd;155;0.0;0.0
896;2025-10-22 19:11:36;irq/148-ELAN050A:01;206;0.9;0.0
897;2025-10-22 19:11:36;irq/149-aerdrv;207;0.0;0.0
898;2025-10-22 19:11:36;irq/149-pcie-dpc;208;0.0;0.0
899;2025-10-22 19:11:36;scsi_eh_0;210;0.0;0.0
900;2025-10-22 19:11:36;kworker/R-scsi_tmf_0;211;0.0;0.0
901;2025-10-22 19:11:36;scsi_eh_1;212;0.0;0.0
902;2025-10-22 19:11:36;kworker/R-scsi_tmf_1;213;0.0;0.0
903;2025-10-22 19:11:36;kworker/R-nvme-wq;214;0.0;0.0
904;2025-10-22 19:11:36;kworker/R-nvme-reset-wq;215;0.0;0.0
905;2025-10-22 19:11:36;kworker/R-nvme-delete-wq;216;0.0;0.0
906;2025-10-22 19:11:36;kworker/R-nvme-auth-wq;217;0.0;0.0
907;2025-10-22 19:11:36;jbd2/nvme0n1p2-8;257;0.0;0.0
908;2025-10-22 19:11:36;kworker/R-ext4-rsv-conversion;258;0.0;0.0
909;2025-10-22 19:11:36;systemd-journald;308;0.0;0.2738
910;2025-10-22 19:11:36;systemd-udevd;404;0.0;0.1093
911;2025-10-22 19:11:36;psimon;442;0.0;0.0
912;2025-10-22 19:11:36;kworker/u16:6-events_unbound;469;0.0;0.0
913;2025-10-22 19:11:36;kworker/u16:7-kvfree_rcu_reclaim;470;0.0;0.0
914;2025-10-22 19:11:36;kworker/u16:14-events_power_efficient;480;0.9;0.0
915;2025-10-22 19:11:36;irq/156-mei_me;523;0.0;0.0
916;2025-10-22 19:11:36;kworker/R-cfg80211;539;0.0;0.0
917;2025-10-22 19:11:36;kworker/R-cryptd;553;0.0;0.0
918;2025-10-22 19:11:36;irq/157-iwlwifi:default_queue;555;0.0;0.0
919;2025-10-22 19:11:36;irq/158-iwlwifi:queue_1;556;0.0;0.0
920;2025-10-22 19:11:36;irq/159-iwlwifi:queue_2;557;0.0;0.0
921;2025-10-22 19:11:36;irq/160-iwlwifi:queue_3;558;0.0;0.0
922;2025-10-22 19:11:36;irq/161-iwlwifi:queue_4;559;0.0;0.0
923;2025-10-22 19:11:36;irq/162-iwlwifi:exception;561;0.0;0.0
924;2025-10-22 19:11:36;kworker/R-ttm;609;0.0;0.0
925;2025-10-22 19:11:36;card1-crtc0;623;0.0;0.0
926;2025-10-22 19:11:36;card1-crtc1;624;0.0;0.0
927;2025-10-22 19:11:36;card1-crtc2;625;0.0;0.0
928;2025-10-22 19:11:36;card1-crtc3;626;0.0;0.0
929;2025-10-22 19:11:36;systemd-oomd;701;0.0;0.0938
930;2025-10-22 19:11:36;systemd-resolved;714;0.0;0.1696
931;2025-10-22 19:11:36;systemd-timesyncd;715;0.0;0.1
932;2025-10-22 19:11:36;avahi-daemon;849;0.0;0.0542
933;2025-10-22 19:11:36;bluetoothd;850;0.0;0.0701
934;2025-10-22 19:11:36;dbus-daemon;851;0.0;0.0948
935;2025-10-22 19:11:36;gnome-remote-desktop-daemon;854;0.0;0.1964
936;2025-10-22 19:11:36;polkitd;860;0.0;0.1626
937;2025-10-22 19:11:36;power-profiles-daemon;865;0.0;0.1063
938;2025-10-22 19:11:36;snapd;875;0.0;0.5555
939;2025-10-22 19:11:36;accounts-daemon;877;0.0;0.1088
940;2025-10-22 19:11:36;cron;878;0.0;0.0346
941;2025-10-22 19:11:36;switcheroo-control;879;0.0;0.0876
942;2025-10-22 19:11:36;systemd-logind;881;0.0;0.1156
943;2025-10-22 19:11:36;thermald;882;0.0;0.1433
944;2025-10-22 19:11:36;udisksd;883;0.0;0.1677
945;2025-10-22 19:11:36;rsyslogd;932;0.0;0.0756
946;2025-10-22 19:11:36;avahi-daemon;941;0.0;0.0157
947;2025-10-22 19:11:36;NetworkManager;944;0.0;0.256
948;2025-10-22 19:11:36;wpa_supplicant;946;0.0;0.1441
949;2025-10-22 19:11:36;ModemManager;1004;0.0;0.1285
950;2025-10-22 19:11:36;irq/164-AudioDSP;1030;0.0;0.0
951;2025-10-22 19:11:36;kworker/R-iprt-VBoxWQueue;1684;0.0;0.0
952;2025-10-22 19:11:36;iprt-VBoxTscThread;1688;0.0;0.0
953;2025-10-22 19:11:36;cupsd;1714;0.0;0.144
954;2025-10-22 19:11:36;unattended-upgr;1721;0.0;0.2925
955;2025-10-22 19:11:36;gdm3;1740;0.0;0.1186
956;2025-10-22 19:11:36;mysqld;1748;0.9;5.5678
957;2025-10-22 19:11:36;rtkit-daemon;1862;0.0;0.0414
958;2025-10-22 19:11:36;krfcommd;1966;0.0;0.0
959;2025-10-22 19:11:36;colord;2047;0.0;0.1882
960;2025-10-22 19:11:36;upowerd;2086;0.0;0.1338
961;2025-10-22 19:11:36;cups-browsed;2430;0.0;0.2451
962;2025-10-22 19:11:36;kerneloops;2435;0.0;0.0269
963;2025-10-22 19:11:36;kerneloops;2439;0.0;0.0271
964;2025-10-22 19:11:36;gdm-session-worker;2496;0.0;0.1386
965;2025-10-22 19:11:36;systemd;2517;0.0;0.1686
966;2025-10-22 19:11:36;(sd-pam);2522;0.0;0.0431
967;2025-10-22 19:11:36;pipewire;2533;0.9;0.2932
968;2025-10-22 19:11:36;pipewire;2536;0.0;0.0763
969;2025-10-22 19:11:36;snapd-desktop-integration;2541;0.0;0.15
970;2025-10-22 19:11:36;wireplumber;2545;0.0;0.4158
971;2025-10-22 19:11:36;pipewire-pulse;2548;3.5;0.5036
972;2025-10-22 19:11:36;dbus-daemon;2550;0.0;0.085
973;2025-10-22 19:11:36;gnome-keyring-daemon;2554;0.0;0.133
974;2025-10-22 19:11:36;xdg-document-portal;2596;0.0;0.0954
975;2025-10-22 19:11:36;xdg-permission-store;2600;0.0;0.0802
976;2025-10-22 19:11:36;fusermount3;2607;0.0;0.0256
977;2025-10-22 19:11:36;gdm-wayland-session;2630;0.0;0.0813
978;2025-10-22 19:11:36;gnome-session-binary;2637;0.0;0.2106
979;2025-10-22 19:11:36;gcr-ssh-agent;2711;0.0;0.0846
980;2025-10-22 19:11:36;gnome-session-ctl;2712;0.0;0.0729
981;2025-10-22 19:11:36;gvfsd;2726;0.0;0.1017
982;2025-10-22 19:11:36;gvfsd-fuse;2734;0.0;0.096
983;2025-10-22 19:11:36;gnome-session-binary;2737;0.0;0.2426
984;2025-10-22 19:11:36;at-spi-bus-launcher;2768;0.0;0.0987
985;2025-10-22 19:11:36;dbus-daemon;2781;0.0;0.0628
986;2025-10-22 19:11:36;gnome-shell;2782;8.9;3.9682
987;2025-10-22 19:11:36;at-spi2-registryd;2879;0.0;0.0926
988;2025-10-22 19:11:36;snapd-desktop-integration;2894;0.0;0.3888
989;2025-10-22 19:11:36;gnome-shell-calendar-server;2921;0.0;0.1894
990;2025-10-22 19:11:36;evolution-source-registry;2929;0.0;0.5462
991;2025-10-22 19:11:36;dconf-service;2933;0.0;0.0776
992;2025-10-22 19:11:36;gjs;2943;0.0;0.2809
993;2025-10-22 19:11:36;goa-daemon;2952;0.0;0.2643
994;2025-10-22 19:11:36;ibus-daemon;2953;0.0;0.1611
995;2025-10-22 19:11:36;gsd-a11y-settings;2959;0.0;0.0899
996;2025-10-22 19:11:36;gsd-color;2963;0.0;0.2678
997;2025-10-22 19:11:36;gsd-datetime;2965;0.0;0.1619
998;2025-10-22 19:11:36;gsd-housekeeping;2969;0.0;0.1084
999;2025-10-22 19:11:36;gsd-keyboard;2972;0.0;0.2594
1000;2025-10-22 19:11:36;gsd-media-keys;2974;0.0;0.3262
1001;2025-10-22 19:11:36;gsd-power;2975;0.0;0.3112
1002;2025-10-22 19:11:36;gsd-print-notifications;2976;0.0;0.1462
1003;2025-10-22 19:11:36;gsd-rfkill;2978;0.0;0.0846
1004;2025-10-22 19:11:36;gsd-screensaver-proxy;2980;0.0;0.0827
1005;2025-10-22 19:11:36;gsd-sharing;2981;0.0;0.1534
1006;2025-10-22 19:11:36;gsd-smartcard;2982;0.0;0.1046
1007;2025-10-22 19:11:36;gsd-sound;2983;0.0;0.1244
1008;2025-10-22 19:11:36;gsd-wacom;2984;0.0;0.2699
1009;2025-10-22 19:11:36;gnome-software;3007;0.0;3.528
1010;2025-10-22 19:11:36;evolution-alarm-notify;3018;0.0;0.8164
1011;2025-10-22 19:11:36;gsd-disk-utility-notify;3025;0.0;0.0976
1012;2025-10-22 19:11:36;evolution-calendar-factory;3111;0.0;0.3168
1013;2025-10-22 19:11:36;gvfs-udisks2-volume-monitor;3129;0.0;0.1429
1014;2025-10-22 19:11:36;goa-identity-service;3136;0.0;0.1118
1015;2025-10-22 19:11:36;ibus-dconf;3175;0.0;0.0935
1016;2025-10-22 19:11:36;ibus-extension-gtk3;3193;0.0;0.3861
1017;2025-10-22 19:11:36;evolution-addressbook-factory;3195;0.0;0.3827
1018;2025-10-22 19:11:36;ibus-portal;3202;0.0;0.0896
1019;2025-10-22 19:11:36;gsd-printer;3219;0.0;0.192
1020;2025-10-22 19:11:36;gvfs-goa-volume-monitor;3223;0.0;0.0852
1021;2025-10-22 19:11:36;gvfs-afc-volume-monitor;3238;0.0;0.1012
1022;2025-10-22 19:11:36;gvfs-gphoto2-volume-monitor;3248;0.0;0.09
1023;2025-10-22 19:11:36;gvfs-mtp-volume-monitor;3256;0.0;0.0845
1024;2025-10-22 19:11:36;ibus-engine-simple;3276;0.0;0.0982
1025;2025-10-22 19:11:36;gvfsd-trash;3305;0.0;0.1245
1026;2025-10-22 19:11:36;xdg-desktop-portal;3324;0.0;0.1977
1027;2025-10-22 19:11:36;tracker-miner-fs-3;3344;0.0;0.4013
1028;2025-10-22 19:11:36;xdg-desktop-portal-gnome;3345;0.0;1.6789
1029;2025-10-22 19:11:36;gjs;3358;0.0;0.2863
1030;2025-10-22 19:11:36;gjs;3385;0.0;0.8568
1031;2025-10-22 19:11:36;xdg-desktop-portal-gtk;3449;0.0;0.345
1032;2025-10-22 19:11:36;gvfsd-metadata;3458;0.0;0.0854
1033;2025-10-22 19:11:36;fwupd;3494;0.0;0.5628
1034;2025-10-22 19:11:36;Xwayland;4173;1.8;1.8003
1035;2025-10-22 19:11:36;gsd-xsettings;4183;0.0;1.0768
1036;2025-10-22 19:11:36;ibus-x11;4208;0.0;0.3254
1037;2025-10-22 19:11:36;mutter-x11-frames;4214;0.0;1.5151
1038;2025-10-22 19:11:36;update-notifier;4886;0.0;0.4104
1039;2025-10-22 19:11:36;gnome-control-center;4950;0.9;1.9999
1040;2025-10-22 19:11:36;snap;5247;0.0;0.2675
1041;2025-10-22 19:11:36;kworker/u17:3-rb_allocator;6125;0.0;0.0
1042;2025-10-22 19:11:36;gvfsd-recent;6199;0.0;0.1179
1043;2025-10-22 19:11:36;Discord;6451;0.0;2.1494
1044;2025-10-22 19:11:36;Discord;6556;0.0;0.6093
1045;2025-10-22 19:11:36;Discord;6557;0.0;0.6083
1046;2025-10-22 19:11:36;chrome_crashpad_handler;6573;0.0;0.0392
1047;2025-10-22 19:11:36;Discord;6605;0.0;1.8658
1048;2025-10-22 19:11:36;Discord;6624;0.0;0.942
1049;2025-10-22 19:11:36;Discord;6728;126.2;8.3306
1050;2025-10-22 19:11:36;Discord;6771;0.0;0.7413
1051;2025-10-22 19:11:36;psimon;7465;0.0;0.0
1052;2025-10-22 19:11:36;rstudio;7567;0.0;2.1369
1053;2025-10-22 19:11:36;rstudio;7571;0.0;0.651
1054;2025-10-22 19:11:36;chrome-sandbox;7572;0.0;0.0206
1055;2025-10-22 19:11:36;rstudio;7573;0.0;0.6568
1056;2025-10-22 19:11:36;rstudio;7576;0.0;0.1672
1057;2025-10-22 19:11:36;rsession;7671;0.0;2.6984
1058;2025-10-22 19:11:36;rstudio;7678;0.0;0.9125
1059;2025-10-22 19:11:36;rstudio;7699;0.0;3.0256
1060;2025-10-22 19:11:36;rstudio;7766;0.0;1.9437
1061;2025-10-22 19:11:36;gnome-calendar;7961;0.0;0.8053
1062;2025-10-22 19:11:36;nautilus;8654;0.0;2.1477
1063;2025-10-22 19:11:36;gnome-terminal-server;8767;0.0;0.6673
1064;2025-10-22 19:11:36;bash;8777;0.0;0.0699
1065;2025-10-22 19:11:36;code;8837;4.4;2.0673
1066;2025-10-22 19:11:36;code;8839;0.0;0.6354
1067;2025-10-22 19:11:36;code;8840;0.0;0.6356
1068;2025-10-22 19:11:36;chrome_crashpad_handler;8855;0.0;0.0422
1069;2025-10-22 19:11:36;code;8893;0.0;0.8785
1070;2025-10-22 19:11:36;code;8944;10.6;5.0521
1071;2025-10-22 19:11:36;code;8967;35.2;2.522
1072;2025-10-22 19:11:36;code;8984;0.0;7.6914
1073;2025-10-22 19:11:36;code;8996;0.0;1.4743
1074;2025-10-22 19:11:36;code;8997;0.0;1.3998
1075;2025-10-22 19:11:36;code;9039;0.0;1.4434
1076;2025-10-22 19:11:36;pet;9093;0.0;0.0411
1077;2025-10-22 19:11:36;bash;9211;0.0;0.0685
1078;2025-10-22 19:11:36;code;9426;0.0;6.5721
1079;2025-10-22 19:11:36;bash;9437;0.0;0.0702
1080;2025-10-22 19:11:36;bash;9521;0.0;0.07
1081;2025-10-22 19:11:36;mysql-workbench;9635;0.0;0.0411
1082;2025-10-22 19:11:36;mysql-workbench-bin;9783;0.0;2.4467
1083;2025-10-22 19:11:36;uuidd;9804;0.0;0.044
1084;2025-10-22 19:11:36;kworker/u16:0-events_power_efficient;10423;0.0;0.0
1085;2025-10-22 19:11:36;kworker/2:1-events;10478;0.0;0.0
1086;2025-10-22 19:11:36;kworker/3:0-i915-unordered;10528;0.0;0.0
1087;2025-10-22 19:11:36;kworker/u17:1-i915_flip;10533;0.0;0.0
1088;2025-10-22 19:11:36;kworker/0:0-events;10547;0.0;0.0
1089;2025-10-22 19:11:36;kworker/1:0-events;10593;0.0;0.0
1090;2025-10-22 19:11:36;kworker/3:2-i915-unordered;10596;0.0;0.0
1091;2025-10-22 19:11:36;kworker/2:0-i915-unordered;10613;0.0;0.0
1092;2025-10-22 19:11:36;kworker/u17:0-i915_flip;10616;0.9;0.0
1093;2025-10-22 19:11:36;kworker/0:2-events;10623;0.0;0.0
1094;2025-10-22 19:11:36;kworker/2:2-events;10691;0.0;0.0
1095;2025-10-22 19:11:36;kworker/0:1-events;10813;0.0;0.0
1096;2025-10-22 19:11:36;kworker/1:2;10939;0.0;0.0
1097;2025-10-22 19:11:36;kworker/3:1-events;10950;0.0;0.0
1098;2025-10-22 19:11:36;python;10958;7.0;1.0131
1099;2025-10-22 19:11:37;systemd;1;0.0;0.1792
1100;2025-10-22 19:11:37;kthreadd;2;0.0;0.0
1101;2025-10-22 19:11:37;pool_workqueue_release;3;0.0;0.0
1102;2025-10-22 19:11:37;kworker/R-rcu_gp;4;0.0;0.0
1103;2025-10-22 19:11:37;kworker/R-sync_wq;5;0.0;0.0
1104;2025-10-22 19:11:37;kworker/R-kvfree_rcu_reclaim;6;0.0;0.0
1105;2025-10-22 19:11:37;kworker/R-slub_flushwq;7;0.0;0.0
1106;2025-10-22 19:11:37;kworker/R-netns;8;0.0;0.0
1107;2025-10-22 19:11:37;kworker/0:0H-events_highpri;10;0.0;0.0
1108;2025-10-22 19:11:37;kworker/R-mm_percpu_wq;13;0.0;0.0
1109;2025-10-22 19:11:37;rcu_tasks_kthread;14;0.0;0.0
1110;2025-10-22 19:11:37;rcu_tasks_rude_kthread;15;0.0;0.0
1111;2025-10-22 19:11:37;rcu_tasks_trace_kthread;16;0.0;0.0
1112;2025-10-22 19:11:37;ksoftirqd/0;17;0.0;0.0
1113;2025-10-22 19:11:37;rcu_preempt;18;0.0;0.0
1114;2025-10-22 19:11:37;rcu_exp_par_gp_kthread_worker/0;19;0.0;0.0
1115;2025-10-22 19:11:37;rcu_exp_gp_kthread_worker;20;0.0;0.0
1116;2025-10-22 19:11:37;migration/0;21;0.0;0.0
1117;2025-10-22 19:11:37;idle_inject/0;22;0.0;0.0
1118;2025-10-22 19:11:37;cpuhp/0;23;0.0;0.0
1119;2025-10-22 19:11:37;cpuhp/1;24;0.0;0.0
1120;2025-10-22 19:11:37;idle_inject/1;25;0.0;0.0
1121;2025-10-22 19:11:37;migration/1;26;0.0;0.0
1122;2025-10-22 19:11:37;ksoftirqd/1;27;0.0;0.0
1123;2025-10-22 19:11:37;kworker/1:0H-events_highpri;29;0.0;0.0
1124;2025-10-22 19:11:37;cpuhp/2;30;0.0;0.0
1125;2025-10-22 19:11:37;idle_inject/2;31;0.0;0.0
1126;2025-10-22 19:11:37;migration/2;32;0.0;0.0
1127;2025-10-22 19:11:37;ksoftirqd/2;33;0.0;0.0
1128;2025-10-22 19:11:37;kworker/2:0H-i915_cleanup;35;0.0;0.0
1129;2025-10-22 19:11:37;cpuhp/3;36;0.0;0.0
1130;2025-10-22 19:11:37;idle_inject/3;37;0.0;0.0
1131;2025-10-22 19:11:37;migration/3;38;0.0;0.0
1132;2025-10-22 19:11:37;ksoftirqd/3;39;0.0;0.0
1133;2025-10-22 19:11:37;kworker/3:0H-events_highpri;41;0.0;0.0
1134;2025-10-22 19:11:37;kdevtmpfs;42;0.0;0.0
1135;2025-10-22 19:11:37;kworker/R-inet_frag_wq;43;0.0;0.0
1136;2025-10-22 19:11:37;kauditd;44;0.0;0.0
1137;2025-10-22 19:11:37;khungtaskd;45;0.0;0.0
1138;2025-10-22 19:11:37;oom_reaper;46;0.0;0.0
1139;2025-10-22 19:11:37;kworker/R-writeback;49;0.0;0.0
1140;2025-10-22 19:11:37;kcompactd0;50;0.0;0.0
1141;2025-10-22 19:11:37;ksmd;51;0.0;0.0
1142;2025-10-22 19:11:37;khugepaged;52;0.0;0.0
1143;2025-10-22 19:11:37;kworker/R-kintegrityd;53;0.0;0.0
1144;2025-10-22 19:11:37;kworker/R-kblockd;54;0.0;0.0
1145;2025-10-22 19:11:37;kworker/R-blkcg_punt_bio;55;0.0;0.0
1146;2025-10-22 19:11:37;irq/9-acpi;56;0.0;0.0
1147;2025-10-22 19:11:37;kworker/1:1-events;57;0.0;0.0
1148;2025-10-22 19:11:37;kworker/R-tpm_dev_wq;59;0.0;0.0
1149;2025-10-22 19:11:37;kworker/R-ata_sff;60;0.0;0.0
1150;2025-10-22 19:11:37;kworker/R-md;61;0.0;0.0
1151;2025-10-22 19:11:37;kworker/R-md_bitmap;62;0.0;0.0
1152;2025-10-22 19:11:37;kworker/R-edac-poller;63;0.0;0.0
1153;2025-10-22 19:11:37;kworker/R-devfreq_wq;64;0.0;0.0
1154;2025-10-22 19:11:37;watchdogd;65;0.0;0.0
1155;2025-10-22 19:11:37;kworker/0:1H-i915_cleanup;66;0.0;0.0
1156;2025-10-22 19:11:37;kswapd0;68;0.0;0.0
1157;2025-10-22 19:11:37;ecryptfs-kthread;69;0.0;0.0
1158;2025-10-22 19:11:37;kworker/R-kthrotld;70;0.0;0.0
1159;2025-10-22 19:11:37;irq/122-aerdrv;71;0.0;0.0
1160;2025-10-22 19:11:37;irq/122-pcie-dpc;72;0.0;0.0
1161;2025-10-22 19:11:37;kworker/R-acpi_thermal_pm;73;0.0;0.0
1162;2025-10-22 19:11:37;hwrng;74;0.0;0.0
1163;2025-10-22 19:11:37;kworker/R-mld;75;0.0;0.0
1164;2025-10-22 19:11:37;kworker/R-ipv6_addrconf;76;0.0;0.0
1165;2025-10-22 19:11:37;kworker/R-kstrp;84;0.0;0.0
1166;2025-10-22 19:11:37;kworker/R-charger_manager;100;0.0;0.0
1167;2025-10-22 19:11:37;kworker/3:1H-i915_cleanup;125;0.0;0.0
1168;2025-10-22 19:11:37;kworker/2:1H;154;0.0;0.0
1169;2025-10-22 19:11:37;kworker/1:1H-i915_cleanup;155;0.0;0.0
1170;2025-10-22 19:11:37;irq/148-ELAN050A:01;206;0.0;0.0
1171;2025-10-22 19:11:37;irq/149-aerdrv;207;0.0;0.0
1172;2025-10-22 19:11:37;irq/149-pcie-dpc;208;0.0;0.0
1173;2025-10-22 19:11:37;scsi_eh_0;210;0.0;0.0
1174;2025-10-22 19:11:37;kworker/R-scsi_tmf_0;211;0.0;0.0
1175;2025-10-22 19:11:37;scsi_eh_1;212;0.0;0.0
1176;2025-10-22 19:11:37;kworker/R-scsi_tmf_1;213;0.0;0.0
1177;2025-10-22 19:11:37;kworker/R-nvme-wq;214;0.0;0.0
1178;2025-10-22 19:11:37;kworker/R-nvme-reset-wq;215;0.0;0.0
1179;2025-10-22 19:11:37;kworker/R-nvme-delete-wq;216;0.0;0.0
1180;2025-10-22 19:11:37;kworker/R-nvme-auth-wq;217;0.0;0.0
1181;2025-10-22 19:11:37;jbd2/nvme0n1p2-8;257;0.9;0.0
1182;2025-10-22 19:11:37;kworker/R-ext4-rsv-conversion;258;0.0;0.0
1183;2025-10-22 19:11:37;systemd-journald;308;0.9;0.2738
1184;2025-10-22 19:11:37;systemd-udevd;404;0.0;0.1093
1185;2025-10-22 19:11:37;psimon;442;0.0;0.0
1186;2025-10-22 19:11:37;kworker/u16:6-events_unbound;469;0.9;0.0
1187;2025-10-22 19:11:37;kworker/u16:7-kvfree_rcu_reclaim;470;0.0;0.0
1188;2025-10-22 19:11:37;kworker/u16:14-i915;480;0.0;0.0
1189;2025-10-22 19:11:37;irq/156-mei_me;523;0.0;0.0
1190;2025-10-22 19:11:37;kworker/R-cfg80211;539;0.0;0.0
1191;2025-10-22 19:11:37;kworker/R-cryptd;553;0.0;0.0
1192;2025-10-22 19:11:37;irq/157-iwlwifi:default_queue;555;0.9;0.0
1193;2025-10-22 19:11:37;irq/158-iwlwifi:queue_1;556;0.0;0.0
1194;2025-10-22 19:11:37;irq/159-iwlwifi:queue_2;557;0.0;0.0
1195;2025-10-22 19:11:37;irq/160-iwlwifi:queue_3;558;0.0;0.0
1196;2025-10-22 19:11:37;irq/161-iwlwifi:queue_4;559;0.0;0.0
1197;2025-10-22 19:11:37;irq/162-iwlwifi:exception;561;0.0;0.0
1198;2025-10-22 19:11:37;kworker/R-ttm;609;0.0;0.0
1199;2025-10-22 19:11:37;card1-crtc0;623;0.0;0.0
1200;2025-10-22 19:11:37;card1-crtc1;624;0.0;0.0
1201;2025-10-22 19:11:37;card1-crtc2;625;0.0;0.0
1202;2025-10-22 19:11:37;card1-crtc3;626;0.0;0.0
1203;2025-10-22 19:11:37;systemd-oomd;701;0.0;0.0938
1204;2025-10-22 19:11:37;systemd-resolved;714;0.0;0.1696
1205;2025-10-22 19:11:37;systemd-timesyncd;715;0.0;0.1
1206;2025-10-22 19:11:37;avahi-daemon;849;0.0;0.0542
1207;2025-10-22 19:11:37;bluetoothd;850;0.0;0.0701
1208;2025-10-22 19:11:37;dbus-daemon;851;0.0;0.0948
1209;2025-10-22 19:11:37;gnome-remote-desktop-daemon;854;0.0;0.1964
1210;2025-10-22 19:11:37;polkitd;860;0.0;0.1626
1211;2025-10-22 19:11:37;power-profiles-daemon;865;0.0;0.1063
1212;2025-10-22 19:11:37;snapd;875;0.0;0.5555
1213;2025-10-22 19:11:37;accounts-daemon;877;0.0;0.1088
1214;2025-10-22 19:11:37;cron;878;0.0;0.0346
1215;2025-10-22 19:11:37;switcheroo-control;879;0.0;0.0876
1216;2025-10-22 19:11:37;systemd-logind;881;0.0;0.1156
1217;2025-10-22 19:11:37;thermald;882;0.0;0.1433
1218;2025-10-22 19:11:37;udisksd;883;0.0;0.1677
1219;2025-10-22 19:11:37;rsyslogd;932;0.0;0.0756
1220;2025-10-22 19:11:37;avahi-daemon;941;0.0;0.0157
1221;2025-10-22 19:11:37;NetworkManager;944;0.0;0.256
1222;2025-10-22 19:11:37;wpa_supplicant;946;0.0;0.1441
1223;2025-10-22 19:11:37;ModemManager;1004;0.0;0.1285
1224;2025-10-22 19:11:37;irq/164-AudioDSP;1030;0.0;0.0
1225;2025-10-22 19:11:37;kworker/R-iprt-VBoxWQueue;1684;0.0;0.0
1226;2025-10-22 19:11:37;iprt-VBoxTscThread;1688;0.0;0.0
1227;2025-10-22 19:11:37;cupsd;1714;0.0;0.144
1228;2025-10-22 19:11:37;unattended-upgr;1721;0.0;0.2925
1229;2025-10-22 19:11:37;gdm3;1740;0.0;0.1186
1230;2025-10-22 19:11:37;mysqld;1748;1.8;5.5678
1231;2025-10-22 19:11:37;rtkit-daemon;1862;0.0;0.0414
1232;2025-10-22 19:11:37;krfcommd;1966;0.0;0.0
1233;2025-10-22 19:11:37;colord;2047;0.0;0.1882
1234;2025-10-22 19:11:37;upowerd;2086;0.0;0.1338
1235;2025-10-22 19:11:37;cups-browsed;2430;0.0;0.2451
1236;2025-10-22 19:11:37;kerneloops;2435;0.0;0.0269
1237;2025-10-22 19:11:37;kerneloops;2439;0.0;0.0271
1238;2025-10-22 19:11:37;gdm-session-worker;2496;0.0;0.1386
1239;2025-10-22 19:11:37;systemd;2517;0.0;0.1686
1240;2025-10-22 19:11:37;(sd-pam);2522;0.0;0.0431
1241;2025-10-22 19:11:37;pipewire;2533;1.8;0.2932
1242;2025-10-22 19:11:37;pipewire;2536;0.0;0.0763
1243;2025-10-22 19:11:37;snapd-desktop-integration;2541;0.0;0.15
1244;2025-10-22 19:11:37;wireplumber;2545;0.0;0.4158
1245;2025-10-22 19:11:37;pipewire-pulse;2548;4.4;0.5036
1246;2025-10-22 19:11:37;dbus-daemon;2550;0.0;0.085
1247;2025-10-22 19:11:37;gnome-keyring-daemon;2554;0.0;0.133
1248;2025-10-22 19:11:37;xdg-document-portal;2596;0.0;0.0954
1249;2025-10-22 19:11:37;xdg-permission-store;2600;0.0;0.0802
1250;2025-10-22 19:11:37;fusermount3;2607;0.0;0.0256
1251;2025-10-22 19:11:37;gdm-wayland-session;2630;0.0;0.0813
1252;2025-10-22 19:11:37;gnome-session-binary;2637;0.0;0.2106
1253;2025-10-22 19:11:37;gcr-ssh-agent;2711;0.0;0.0846
1254;2025-10-22 19:11:37;gnome-session-ctl;2712;0.0;0.0729
1255;2025-10-22 19:11:37;gvfsd;2726;0.0;0.1017
1256;2025-10-22 19:11:37;gvfsd-fuse;2734;0.0;0.096
1257;2025-10-22 19:11:37;gnome-session-binary;2737;0.0;0.2426
1258;2025-10-22 19:11:37;at-spi-bus-launcher;2768;0.0;0.0987
1259;2025-10-22 19:11:37;dbus-daemon;2781;0.0;0.0628
1260;2025-10-22 19:11:37;gnome-shell;2782;7.0;3.9682
1261;2025-10-22 19:11:37;at-spi2-registryd;2879;0.0;0.0926
1262;2025-10-22 19:11:37;snapd-desktop-integration;2894;0.0;0.3888
1263;2025-10-22 19:11:37;gnome-shell-calendar-server;2921;0.0;0.1894
1264;2025-10-22 19:11:37;evolution-source-registry;2929;0.0;0.5462
1265;2025-10-22 19:11:37;dconf-service;2933;0.0;0.0776
1266;2025-10-22 19:11:37;gjs;2943;0.0;0.2809
1267;2025-10-22 19:11:37;goa-daemon;2952;0.0;0.2643
1268;2025-10-22 19:11:37;ibus-daemon;2953;0.0;0.1611
1269;2025-10-22 19:11:37;gsd-a11y-settings;2959;0.0;0.0899
1270;2025-10-22 19:11:37;gsd-color;2963;0.0;0.2678
1271;2025-10-22 19:11:37;gsd-datetime;2965;0.0;0.1619
1272;2025-10-22 19:11:37;gsd-housekeeping;2969;0.0;0.1084
1273;2025-10-22 19:11:37;gsd-keyboard;2972;0.0;0.2594
1274;2025-10-22 19:11:37;gsd-media-keys;2974;0.0;0.3262
1275;2025-10-22 19:11:37;gsd-power;2975;0.0;0.3112
1276;2025-10-22 19:11:37;gsd-print-notifications;2976;0.0;0.1462
1277;2025-10-22 19:11:37;gsd-rfkill;2978;0.0;0.0846
1278;2025-10-22 19:11:37;gsd-screensaver-proxy;2980;0.0;0.0827
1279;2025-10-22 19:11:37;gsd-sharing;2981;0.0;0.1534
1280;2025-10-22 19:11:37;gsd-smartcard;2982;0.0;0.1046
1281;2025-10-22 19:11:37;gsd-sound;2983;0.0;0.1244
1282;2025-10-22 19:11:37;gsd-wacom;2984;0.0;0.2699
1283;2025-10-22 19:11:37;gnome-software;3007;0.0;3.528
1284;2025-10-22 19:11:37;evolution-alarm-notify;3018;0.0;0.8164
1285;2025-10-22 19:11:37;gsd-disk-utility-notify;3025;0.0;0.0976
1286;2025-10-22 19:11:37;evolution-calendar-factory;3111;0.0;0.3168
1287;2025-10-22 19:11:37;gvfs-udisks2-volume-monitor;3129;0.0;0.1429
1288;2025-10-22 19:11:37;goa-identity-service;3136;0.0;0.1118
1289;2025-10-22 19:11:37;ibus-dconf;3175;0.0;0.0935
1290;2025-10-22 19:11:37;ibus-extension-gtk3;3193;0.0;0.3861
1291;2025-10-22 19:11:37;evolution-addressbook-factory;3195;0.0;0.3827
1292;2025-10-22 19:11:37;ibus-portal;3202;0.0;0.0896
1293;2025-10-22 19:11:37;gsd-printer;3219;0.0;0.192
1294;2025-10-22 19:11:37;gvfs-goa-volume-monitor;3223;0.0;0.0852
1295;2025-10-22 19:11:37;gvfs-afc-volume-monitor;3238;0.0;0.1012
1296;2025-10-22 19:11:37;gvfs-gphoto2-volume-monitor;3248;0.0;0.09
1297;2025-10-22 19:11:37;gvfs-mtp-volume-monitor;3256;0.0;0.0845
1298;2025-10-22 19:11:37;ibus-engine-simple;3276;0.0;0.0982
1299;2025-10-22 19:11:37;gvfsd-trash;3305;0.0;0.1245
1300;2025-10-22 19:11:37;xdg-desktop-portal;3324;0.0;0.1977
1301;2025-10-22 19:11:37;tracker-miner-fs-3;3344;0.0;0.4013
1302;2025-10-22 19:11:37;xdg-desktop-portal-gnome;3345;0.0;1.6789
1303;2025-10-22 19:11:37;gjs;3358;0.0;0.2863
1304;2025-10-22 19:11:37;gjs;3385;0.0;0.8568
1305;2025-10-22 19:11:37;xdg-desktop-portal-gtk;3449;0.0;0.345
1306;2025-10-22 19:11:37;gvfsd-metadata;3458;0.0;0.0854
1307;2025-10-22 19:11:37;fwupd;3494;0.0;0.5628
1308;2025-10-22 19:11:37;Xwayland;4173;1.8;1.8003
1309;2025-10-22 19:11:37;gsd-xsettings;4183;0.0;1.0768
1310;2025-10-22 19:11:37;ibus-x11;4208;0.0;0.3254
1311;2025-10-22 19:11:37;mutter-x11-frames;4214;0.0;1.5151
1312;2025-10-22 19:11:37;update-notifier;4886;0.0;0.4104
1313;2025-10-22 19:11:37;gnome-control-center;4950;0.9;1.9999
1314;2025-10-22 19:11:37;snap;5247;0.0;0.2675
1315;2025-10-22 19:11:37;kworker/u17:3-rb_allocator;6125;0.0;0.0
1316;2025-10-22 19:11:37;gvfsd-recent;6199;0.0;0.1179
1317;2025-10-22 19:11:37;Discord;6451;1.8;2.146
1318;2025-10-22 19:11:37;Discord;6556;0.0;0.6093
1319;2025-10-22 19:11:37;Discord;6557;0.0;0.6083
1320;2025-10-22 19:11:37;chrome_crashpad_handler;6573;0.0;0.0392
1321;2025-10-22 19:11:37;Discord;6605;0.9;1.8658
1322;2025-10-22 19:11:37;Discord;6624;0.9;0.942
1323;2025-10-22 19:11:37;Discord;6728;93.4;8.3422
1324;2025-10-22 19:11:37;Discord;6771;0.0;0.7413
1325;2025-10-22 19:11:37;psimon;7465;0.0;0.0
1326;2025-10-22 19:11:37;rstudio;7567;0.0;2.1369
1327;2025-10-22 19:11:37;rstudio;7571;0.0;0.651
1328;2025-10-22 19:11:37;chrome-sandbox;7572;0.0;0.0206
1329;2025-10-22 19:11:37;rstudio;7573;0.0;0.6568
1330;2025-10-22 19:11:37;rstudio;7576;0.0;0.1672
1331;2025-10-22 19:11:37;rsession;7671;0.0;2.6984
1332;2025-10-22 19:11:37;rstudio;7678;0.0;0.9125
1333;2025-10-22 19:11:37;rstudio;7699;0.0;3.0256
1334;2025-10-22 19:11:37;rstudio;7766;0.0;1.9437
1335;2025-10-22 19:11:37;gnome-calendar;7961;0.0;0.8053
1336;2025-10-22 19:11:37;nautilus;8654;0.0;2.1477
1337;2025-10-22 19:11:37;gnome-terminal-server;8767;0.0;0.6673
1338;2025-10-22 19:11:37;bash;8777;0.0;0.0699
1339;2025-10-22 19:11:37;code;8837;6.2;2.0779
1340;2025-10-22 19:11:37;code;8839;0.0;0.6354
1341;2025-10-22 19:11:37;code;8840;0.0;0.6356
1342;2025-10-22 19:11:37;chrome_crashpad_handler;8855;0.0;0.0422
1343;2025-10-22 19:11:37;code;8893;0.0;0.8785
1344;2025-10-22 19:11:37;code;8944;10.6;5.065
1345;2025-10-22 19:11:37;code;8967;25.6;2.522
1346;2025-10-22 19:11:37;code;8984;1.8;7.6914
1347;2025-10-22 19:11:37;code;8996;0.0;1.4743
1348;2025-10-22 19:11:37;code;8997;0.0;1.3998
1349;2025-10-22 19:11:37;code;9039;0.9;1.4434
1350;2025-10-22 19:11:37;pet;9093;0.0;0.0411
1351;2025-10-22 19:11:37;bash;9211;0.0;0.0685
1352;2025-10-22 19:11:37;code;9426;0.0;6.5721
1353;2025-10-22 19:11:37;bash;9437;0.0;0.0702
1354;2025-10-22 19:11:37;bash;9521;0.0;0.07
1355;2025-10-22 19:11:37;mysql-workbench;9635;0.0;0.0411
1356;2025-10-22 19:11:37;mysql-workbench-bin;9783;0.0;2.4467
1357;2025-10-22 19:11:37;uuidd;9804;0.0;0.044
1358;2025-10-22 19:11:37;kworker/u16:0-events_power_efficient;10423;0.0;0.0
1359;2025-10-22 19:11:37;kworker/2:1-events;10478;0.0;0.0
1360;2025-10-22 19:11:37;kworker/3:0-i915-unordered;10528;0.9;0.0
1361;2025-10-22 19:11:37;kworker/u17:1-i915_flip;10533;0.0;0.0
1362;2025-10-22 19:11:37;kworker/0:0-events;10547;0.0;0.0
1363;2025-10-22 19:11:37;kworker/1:0-i915-unordered;10593;0.0;0.0
1364;2025-10-22 19:11:37;kworker/3:2-i915-unordered;10596;0.0;0.0
1365;2025-10-22 19:11:37;kworker/2:0-i915-unordered;10613;0.0;0.0
1366;2025-10-22 19:11:37;kworker/u17:0-i915_flip;10616;0.0;0.0
1367;2025-10-22 19:11:37;kworker/0:2-i915-unordered;10623;0.0;0.0
1368;2025-10-22 19:11:37;kworker/2:2-events;10691;0.0;0.0
1369;2025-10-22 19:11:37;kworker/0:1-events;10813;0.0;0.0
1370;2025-10-22 19:11:37;kworker/1:2;10939;0.0;0.0
1371;2025-10-22 19:11:37;kworker/3:1-events;10950;0.0;0.0
1372;2025-10-22 19:11:37;python;10958;6.2;1.0131
